image_id,hash,group_id,label,sun_azimuth_angle
train_03333.png,0014f69111dd918f3eb66a67322d776e7639a81d7b20f93930ebd1cf8c34734e,2,0,242.72
train_05451.png,0014f69111dd918f3eb66a67322d776e7639a81d7b20f93930ebd1cf8c34734e,2,1,127.14
train_00589.png,003311ca15a08af421c076e3499b38d60578202ce5fbe37b3336ccae3b532617,5,0,306.41
train_03920.png,003311ca15a08af421c076e3499b38d60578202ce5fbe37b3336ccae3b532617,5,1,200.86
train_03083.png,0081849a31d70be955fd488a059e055f585a35ad40d0ebe70df8e0c0fe4e4249,10,0,316.4
train_04838.png,0081849a31d70be955fd488a059e055f585a35ad40d0ebe70df8e0c0fe4e4249,10,1,51.93
train_03593.png,00b0911af0e2dbfaafb6bfd74c2d0fea1169ea8010d4ed03b82fac6a983472fa,16,0,312.15
train_07629.png,00b0911af0e2dbfaafb6bfd74c2d0fea1169ea8010d4ed03b82fac6a983472fa,16,1,35.9
train_03672.png,00b68fe26d7c6cdcbdc88edccb047beddcea9cf9e589560d643bfd77c7b65dd6,17,1,98.4
train_04404.png,00b68fe26d7c6cdcbdc88edccb047beddcea9cf9e589560d643bfd77c7b65dd6,17,0,307.19
train_02459.png,00f1e1b6bb565297c54547a37fc81c181a2d1f59d80cbc2bb60bf413a90c09c9,21,0,320.64
train_06163.png,00f1e1b6bb565297c54547a37fc81c181a2d1f59d80cbc2bb60bf413a90c09c9,21,1,88.28
train_01055.png,00fc4b6605656822a652380101d1779d5d55409a379251949861d3490b93e503,22,0,296.55
train_04665.png,00fc4b6605656822a652380101d1779d5d55409a379251949861d3490b93e503,22,1,134.07
train_06019.png,0111d161bb29c00a7d81310e71c957d1d7d6d480237d4024c01d9ce946dadfab,27,1,178.64
train_06035.png,0111d161bb29c00a7d81310e71c957d1d7d6d480237d4024c01d9ce946dadfab,27,0,285.89
train_01380.png,01adc1e1121265375a7a1b27e5d3b600a58befac812aed201c79db654e5b4895,43,1,323.76
train_02954.png,01adc1e1121265375a7a1b27e5d3b600a58befac812aed201c79db654e5b4895,43,0,349.17
train_04640.png,01be017c6e47a95062ae4d71d053cfa22df85e498d98d0e59fda1191b1b21fc6,46,1,330.13
train_05812.png,01be017c6e47a95062ae4d71d053cfa22df85e498d98d0e59fda1191b1b21fc6,46,0,271.43
train_00645.png,01cc7020de4d067664ad9deac1c0cee3dc414dee7e52ab067a9d6ca1b5304d5b,47,1,258.73
train_01564.png,01cc7020de4d067664ad9deac1c0cee3dc414dee7e52ab067a9d6ca1b5304d5b,47,0,182.09
train_04222.png,01f0ea9b2f4d14e7baab2cbc9872714f658088947bd0560622a6318153b28f3a,53,0,292.31
train_05364.png,01f0ea9b2f4d14e7baab2cbc9872714f658088947bd0560622a6318153b28f3a,53,1,350.5
train_02341.png,01f399b0c21f2d46142485973535c4db1138ec8fb66835b2acca02437e27dbab,54,1,341.67
train_03987.png,01f399b0c21f2d46142485973535c4db1138ec8fb66835b2acca02437e27dbab,54,0,151.6
train_05964.png,02186b8627ee9da9d89f0604f6edc485307486c2e020506b8ec40a8ca364affe,61,0,300.11
train_07305.png,02186b8627ee9da9d89f0604f6edc485307486c2e020506b8ec40a8ca364affe,61,1,179.01
train_03001.png,021d1c0cf0364369b75dd403de300c4caf237e0b38c4b5f1d6e672c58db9f1d0,62,1,247.04
train_05795.png,021d1c0cf0364369b75dd403de300c4caf237e0b38c4b5f1d6e672c58db9f1d0,62,0,311.43
train_03062.png,02c7bb7f599f107c9dc842ad079d5e04d16b9c4a1719316a2898330442a50ee8,71,1,270.05
train_06892.png,02c7bb7f599f107c9dc842ad079d5e04d16b9c4a1719316a2898330442a50ee8,71,0,317.11
train_00543.png,02c98a1a0d92109f35bfce16119b2a7da79643688ec8b165d13782cd366a0681,72,1,183.68
train_06905.png,02c98a1a0d92109f35bfce16119b2a7da79643688ec8b165d13782cd366a0681,72,0,313.47
train_00681.png,033e65bc472fe22cb21e7a494604ecc44ed5a2e34aa7e7b7521273f81c795982,82,1,295.6
train_02712.png,033e65bc472fe22cb21e7a494604ecc44ed5a2e34aa7e7b7521273f81c795982,82,0,263.81
train_00758.png,0397890883a7c87b0d7f5c066e1d5ec903c750ac5bbe905b8eface6563f8bf2b,88,1,181.18
train_06874.png,0397890883a7c87b0d7f5c066e1d5ec903c750ac5bbe905b8eface6563f8bf2b,88,0,309.17
train_02072.png,039ade76c25e6ef7222f4da4b7dad5ccb2794e7c039eef6bf6aaf0ba0d4492b3,90,1,303.47
train_04316.png,039ade76c25e6ef7222f4da4b7dad5ccb2794e7c039eef6bf6aaf0ba0d4492b3,90,0,358.64
train_05926.png,03e3fb7b69b247c2431052eba94ab173a59bad37a61cd193ef6836e974df1595,94,1,189.64
train_06973.png,03e3fb7b69b247c2431052eba94ab173a59bad37a61cd193ef6836e974df1595,94,0,13.45
train_04950.png,03f263a78e0b669379c6612c39434787c0ffee424d09ddf5d03221a214e24e1b,95,0,321.76
train_05067.png,03f263a78e0b669379c6612c39434787c0ffee424d09ddf5d03221a214e24e1b,95,1,110.55
train_03011.png,03fe8bfd825a1d87bf2b28c13c1696dcd41b15804a7d6798fcd0c4e46f5448a6,98,1,18.63
train_03585.png,03fe8bfd825a1d87bf2b28c13c1696dcd41b15804a7d6798fcd0c4e46f5448a6,98,0,306.22
train_00797.png,040ad73cc76f315d934cc0c90225d381889b3e5fb3e01c9797024d82453a665d,99,1,173.3
train_01555.png,040ad73cc76f315d934cc0c90225d381889b3e5fb3e01c9797024d82453a665d,99,0,319.4
train_03937.png,0450c3c293884788d5f14b52f58e91ee621d1031b3b7a7396312aa2cd0a536cf,105,0,316.66
train_07571.png,0450c3c293884788d5f14b52f58e91ee621d1031b3b7a7396312aa2cd0a536cf,105,1,338.07
train_00081.png,048c37320c4402462ab2995a7994770f83beeceebc71469f031e58f67d05807d,111,0,340.18
train_04985.png,048c37320c4402462ab2995a7994770f83beeceebc71469f031e58f67d05807d,111,1,44.95
train_01644.png,048e54a8fa3f566db50237fc5475b71133046e22883c96a4ea54dfcf7433f10c,112,0,303.29
train_04797.png,048e54a8fa3f566db50237fc5475b71133046e22883c96a4ea54dfcf7433f10c,112,1,168.98
train_05112.png,04a6f7bc787d2e72af47c99d8fb3df283dbaca36918a8a6605fb684853bd1977,114,0,253.77
train_07517.png,04a6f7bc787d2e72af47c99d8fb3df283dbaca36918a8a6605fb684853bd1977,114,1,7.44
train_00226.png,04bbf26ee374871955471eb56d7f43f86f110010da425358dc168647506bc69b,115,1,82.79
train_04657.png,04bbf26ee374871955471eb56d7f43f86f110010da425358dc168647506bc69b,115,0,277.2
train_00389.png,04fc52ddeba4af0eb33f240b1cee9ffbf3fa5960ec649e15e06385a985163db4,118,0,313.47
train_03759.png,04fc52ddeba4af0eb33f240b1cee9ffbf3fa5960ec649e15e06385a985163db4,118,1,77.83
train_00529.png,050595d37f96d6199d879d9417305d618cb47d9d99ba1339c543f2ea8149bdc3,119,1,197.4
train_05971.png,050595d37f96d6199d879d9417305d618cb47d9d99ba1339c543f2ea8149bdc3,119,0,349.94
train_06250.png,0527411f25466f649289a5c39b6396c9c15e887d0eaf863a18b81ec60b3bed2e,123,0,358.13
train_07584.png,0527411f25466f649289a5c39b6396c9c15e887d0eaf863a18b81ec60b3bed2e,123,1,245.87
train_00994.png,05397991cb20b32947f51c957b2e55463a8a8ba319f7907b2bb4273579b33846,124,1,316.16
train_02544.png,05397991cb20b32947f51c957b2e55463a8a8ba319f7907b2bb4273579b33846,124,0,294.05
train_03874.png,05cc7627a9a68f225827e2c7dd485d4a0efea7ab9cf757e13fec8a553e52f72f,139,1,297.7
train_04008.png,05cc7627a9a68f225827e2c7dd485d4a0efea7ab9cf757e13fec8a553e52f72f,139,0,287.97
train_06310.png,05dfa4e6421b0ad2ba87a9978ff48c8225af4e487201061639d729e123f333de,141,1,55.31
train_07167.png,05dfa4e6421b0ad2ba87a9978ff48c8225af4e487201061639d729e123f333de,141,0,287.11
train_03727.png,06b09e5939c28a3a3f1caea93075b316047e10320ccc893098cda64e35ff44a3,152,0,345.52
train_05347.png,06b09e5939c28a3a3f1caea93075b316047e10320ccc893098cda64e35ff44a3,152,1,61.03
train_01417.png,06c04f9e965a5235ec6d8a43e5eebcc6216087edf009f017f26684d29cb23c36,155,0,326.82
train_02137.png,06c04f9e965a5235ec6d8a43e5eebcc6216087edf009f017f26684d29cb23c36,155,1,74.17
train_02775.png,06efbc4d6dd2b3c5484859788e8a2e78bdb8b958a6f04989e952c14d8ae1fe1e,161,0,312.1
train_04390.png,06efbc4d6dd2b3c5484859788e8a2e78bdb8b958a6f04989e952c14d8ae1fe1e,161,1,328.24
train_01016.png,06f08a214d8ad21b6222f8c0dab8d2a5ad434bde8e2939c0342673933de33fc2,162,0,291.71
train_06870.png,06f08a214d8ad21b6222f8c0dab8d2a5ad434bde8e2939c0342673933de33fc2,162,1,110.32
train_01547.png,06fc109fb583d1674800bdfcd03f32d056421ce78e9e2cd7cc55acafa50cd35f,165,0,329.34
train_02913.png,06fc109fb583d1674800bdfcd03f32d056421ce78e9e2cd7cc55acafa50cd35f,165,1,136.33
train_01255.png,0705d0ccbe6aada548c1450a727c4794172dfae210c37c6f96697ec55409739e,166,1,20.03
train_03396.png,0705d0ccbe6aada548c1450a727c4794172dfae210c37c6f96697ec55409739e,166,0,354.28
train_02022.png,071424ab37a86eb494f77e55ed98f18a787752a9d10ba5a2c48a54062633606c,168,0,312.63
train_07755.png,071424ab37a86eb494f77e55ed98f18a787752a9d10ba5a2c48a54062633606c,168,1,79.8
train_01071.png,075827dd4dcf7ea1726405968e7b829bd66a89806534bf01f2f2e3fa418ee935,170,1,271.85
train_07181.png,075827dd4dcf7ea1726405968e7b829bd66a89806534bf01f2f2e3fa418ee935,170,0,32.9
train_03780.png,0781fc9ab17481222195185d61051bf37f1b1a207118ade1bb7d632739d2fe23,174,0,54.68
train_05947.png,0781fc9ab17481222195185d61051bf37f1b1a207118ade1bb7d632739d2fe23,174,1,283.03
train_04913.png,07a0d258864648ed20162942eeb81f7632ee6a4a55f5e15af5d8421092c20c1b,178,0,340.82
train_05306.png,07a0d258864648ed20162942eeb81f7632ee6a4a55f5e15af5d8421092c20c1b,178,1,53.87
train_02150.png,0852a195c57ac521621817e232e1d4dee2ced9b58470103fbfb65558c5da2ec6,191,1,169.47
train_05338.png,0852a195c57ac521621817e232e1d4dee2ced9b58470103fbfb65558c5da2ec6,191,0,331.03
train_02134.png,087314d5a80669cc5b8ad31cf7979f72da4074fd040eefb9547f4936a2da6546,194,0,201.51
train_03541.png,087314d5a80669cc5b8ad31cf7979f72da4074fd040eefb9547f4936a2da6546,194,1,43.78
train_06976.png,0873e33faafdc6fbefc39d2d6432ae876c8beb36bb4c2f1156a1159d07acc7d0,195,1,68.31
train_07694.png,0873e33faafdc6fbefc39d2d6432ae876c8beb36bb4c2f1156a1159d07acc7d0,195,0,233.82
train_04802.png,0883835bdc1948036f2f7fe415f408b388aa1cd830563a1090e56c1cb47936c7,197,0,108.44
train_06538.png,0883835bdc1948036f2f7fe415f408b388aa1cd830563a1090e56c1cb47936c7,197,1,50.41
train_07319.png,08a1e54f8f21f484c5dde3261706b29219b1b8a83854098d8e47fd0b174cab75,199,1,201.59
train_07655.png,08a1e54f8f21f484c5dde3261706b29219b1b8a83854098d8e47fd0b174cab75,199,0,329.91
train_01745.png,096da76a4f776be701e935bb874cfd36484f8a560a99120f1c74d551ca012fc2,210,0,305.03
train_04900.png,096da76a4f776be701e935bb874cfd36484f8a560a99120f1c74d551ca012fc2,210,1,296.36
train_06795.png,09a231c18757f0cb2c5077f0891701ea5e557b3528609cac6535411ad30652fd,214,1,266.34
train_06813.png,09a231c18757f0cb2c5077f0891701ea5e557b3528609cac6535411ad30652fd,214,0,308.86
train_03728.png,09d59b6d77d73e0c16ae10034a05d242b171b31d4f5455a7a9dd8a4161f106cf,222,1,204.18
train_07798.png,09d59b6d77d73e0c16ae10034a05d242b171b31d4f5455a7a9dd8a4161f106cf,222,0,333.76
train_01804.png,09dcf7826ef35de09a508bcb054933d545279e0c71f515f96d4e7bc675ae7a88,223,0,327.32
train_07200.png,09dcf7826ef35de09a508bcb054933d545279e0c71f515f96d4e7bc675ae7a88,223,1,103.66
train_01767.png,09f043831fe8ca932a0084038ff0145e5210ebaccc3ec291643d00fe59940dee,226,0,55.03
train_07072.png,09f043831fe8ca932a0084038ff0145e5210ebaccc3ec291643d00fe59940dee,226,1,231.04
train_03271.png,0a0209cdc46be733c2ee918bc5e80d7dc5b4af8341368310c911f102803972a4,229,1,272.52
train_04325.png,0a0209cdc46be733c2ee918bc5e80d7dc5b4af8341368310c911f102803972a4,229,0,349.75
train_01313.png,0a0534b446e6c646b3ca2789e85d3334327c8c95620b9c70c309691d01a50881,231,1,158.81
train_07372.png,0a0534b446e6c646b3ca2789e85d3334327c8c95620b9c70c309691d01a50881,231,0,139.67
train_05894.png,0a808d2ce6ea2eae84719010e953a158879521bcf2af07a2c0e1228d6198d83f,241,0,31.82
train_06205.png,0a808d2ce6ea2eae84719010e953a158879521bcf2af07a2c0e1228d6198d83f,241,1,316.2
train_02816.png,0a9257913dfbfb9f5bdad6a02e12bf16db1e897760fdf9be55aea183ace12d15,243,0,287.44
train_04049.png,0a9257913dfbfb9f5bdad6a02e12bf16db1e897760fdf9be55aea183ace12d15,243,1,115.09
train_03167.png,0a989dbe91e187a84ee312d21ad6036a5cb37c144dbba4cc731d3fb830cc72c7,244,0,358.43
train_03719.png,0a989dbe91e187a84ee312d21ad6036a5cb37c144dbba4cc731d3fb830cc72c7,244,1,9.37
train_00207.png,0aadfaac2858dd2ee9d6fd21c1116972e52854bac0c0575c424a6ae55d6a8651,248,0,179.63
train_02492.png,0aadfaac2858dd2ee9d6fd21c1116972e52854bac0c0575c424a6ae55d6a8651,248,1,38.52
train_00170.png,0afd541cd451d9107e098519aa885791fc08d7cfde91d37a4e4c9ce23d93143e,253,0,327.23
train_04515.png,0afd541cd451d9107e098519aa885791fc08d7cfde91d37a4e4c9ce23d93143e,253,1,177.92
train_04402.png,0b570b0855ff45b3d91661032933a3f53ef96f7a0e3929ffc6f4bd3b6d388ca3,257,0,274.93
train_05245.png,0b570b0855ff45b3d91661032933a3f53ef96f7a0e3929ffc6f4bd3b6d388ca3,257,1,100.8
train_05372.png,0b64c7518b5aaaa16f2bbfce06817733c05bd06f67586d100bad21696c5681d7,259,0,277.53
train_07335.png,0b64c7518b5aaaa16f2bbfce06817733c05bd06f67586d100bad21696c5681d7,259,1,162.39
train_01369.png,0b6f56825c7fb324855f3951bc287b884daaba5eaabbfd5e214c9eae98c4b1b7,260,1,245.45
train_06625.png,0b6f56825c7fb324855f3951bc287b884daaba5eaabbfd5e214c9eae98c4b1b7,260,0,344.92
train_00156.png,0b9ad7b28047a6589978b1103a57accd6cbaaf52e22c92b7f746e7ec02a46e87,265,0,305.45
train_04832.png,0b9ad7b28047a6589978b1103a57accd6cbaaf52e22c92b7f746e7ec02a46e87,265,1,20.17
train_06153.png,0c1483a4beb636f264ea93e556c75056a0d799bcb47e900594127b0885df1b65,277,1,17.05
train_07547.png,0c1483a4beb636f264ea93e556c75056a0d799bcb47e900594127b0885df1b65,277,0,312.14
train_00990.png,0c3f340b022eb207dbd4493c00927bc44bc0f2729d16dc6b5a711a3095212ecd,284,0,328.24
train_01779.png,0c3f340b022eb207dbd4493c00927bc44bc0f2729d16dc6b5a711a3095212ecd,284,1,69.9
train_03666.png,0c40a466539e7fb2db40a3311e76afdaa46fa791d7ccf0dd2ba3a10935794863,285,0,329.45
train_07613.png,0c40a466539e7fb2db40a3311e76afdaa46fa791d7ccf0dd2ba3a10935794863,285,1,284.35
train_00996.png,0c959de5e2d3cdaf42ebcbedc159f4821be7e04488f8b3542736022964b66dcb,292,0,292.64
train_06993.png,0c959de5e2d3cdaf42ebcbedc159f4821be7e04488f8b3542736022964b66dcb,292,1,129.27
train_01764.png,0d49c7578a3f71710b54e90e2db7dc51eceec1f4e671519c96155c9626b5cd5b,306,1,285.56
train_06303.png,0d49c7578a3f71710b54e90e2db7dc51eceec1f4e671519c96155c9626b5cd5b,306,0,326.2
train_00050.png,0d89c5b8e7f00ff1fc681fbf8624e8a69f7a982faa59a0903cbe223a31693f51,310,0,123.83
train_01017.png,0d89c5b8e7f00ff1fc681fbf8624e8a69f7a982faa59a0903cbe223a31693f51,310,1,219.41
train_04063.png,0d8aa5f0fdf88b218ae56bb6c45c758b23074ed9e0b33626d2068328ffb5ed12,311,0,358.42
train_04458.png,0d8aa5f0fdf88b218ae56bb6c45c758b23074ed9e0b33626d2068328ffb5ed12,311,1,212.4
train_00904.png,0dc60cc1c5eeddec8ff7537e58bac3e904bbf6e0599abf6f91300aaa08b9890a,316,1,244.62
train_07016.png,0dc60cc1c5eeddec8ff7537e58bac3e904bbf6e0599abf6f91300aaa08b9890a,316,0,354.24
train_01806.png,0e2d2e78a3951c28e2f9a5eecb7c4fcc669fe0d78960a5c72d8613dee2f91f0b,327,0,312.88
train_02663.png,0e2d2e78a3951c28e2f9a5eecb7c4fcc669fe0d78960a5c72d8613dee2f91f0b,327,1,26.94
train_01271.png,0e48eecd1608b32543d4fd9ecb02241e3726c26d85394904ad9de9eec7f33ce3,330,0,325.43
train_02855.png,0e48eecd1608b32543d4fd9ecb02241e3726c26d85394904ad9de9eec7f33ce3,330,1,293.12
train_00929.png,0e8e2aabe0f1c78d1966bf875d5e7541882dd35d2519b29f610d849ce4373b7a,335,1,95.37
train_05796.png,0e8e2aabe0f1c78d1966bf875d5e7541882dd35d2519b29f610d849ce4373b7a,335,0,291.17
train_02193.png,0ea40950140fd45b6731716c823ef145f79520b7edf2331be1a096fc8ef41353,338,0,327.88
train_03538.png,0ea40950140fd45b6731716c823ef145f79520b7edf2331be1a096fc8ef41353,338,1,161.12
train_02706.png,0f0d9b52ffa73eb80b363ed6ea66b1cf62b85273ba37cd8b6bfeb8b279466fd4,353,1,18.6
train_03036.png,0f0d9b52ffa73eb80b363ed6ea66b1cf62b85273ba37cd8b6bfeb8b279466fd4,353,0,350.31
train_00448.png,0f6ef791ba18301ebcb17d097fe24ead64febf94f0176cd012d1a07c18ff72ea,361,0,209.67
train_04614.png,0f6ef791ba18301ebcb17d097fe24ead64febf94f0176cd012d1a07c18ff72ea,361,1,236.24
train_03169.png,0fb0aaa86500a6592247ae6808923f8a03e773533f6ab4a41f8e5b7ba7a1f90a,367,1,307.97
train_06682.png,0fb0aaa86500a6592247ae6808923f8a03e773533f6ab4a41f8e5b7ba7a1f90a,367,0,291.43
train_03895.png,0fcc76da05c48d02675408811becb328bef3bb2dc9d906061321e5af14cb5bd7,370,0,347.63
train_05106.png,0fcc76da05c48d02675408811becb328bef3bb2dc9d906061321e5af14cb5bd7,370,1,72.0
train_04157.png,0fedbc6a9f2924796ea163151192f89fb30d2389b68b576442540ea98a2ec07b,371,0,303.18
train_05793.png,0fedbc6a9f2924796ea163151192f89fb30d2389b68b576442540ea98a2ec07b,371,1,256.54
train_02542.png,104259b1815d555ce6d53b323eed5264afc114ae97853e83fe57752de5db2a79,377,1,318.3
train_04544.png,104259b1815d555ce6d53b323eed5264afc114ae97853e83fe57752de5db2a79,377,0,351.98
train_02962.png,109cac752788ced0a018b973429a50b5a1eeb9b192bfdb14f0b26da892a2460f,385,0,281.48
train_07848.png,109cac752788ced0a018b973429a50b5a1eeb9b192bfdb14f0b26da892a2460f,385,1,131.0
train_05764.png,10bb3c228331aafbba888c64223c5c437ce2086602776a72307837ef8db14dbf,388,0,284.02
train_05782.png,10bb3c228331aafbba888c64223c5c437ce2086602776a72307837ef8db14dbf,388,1,162.48
train_01212.png,112c732b9b8208ab45889d784b6f6f5b0b87ab2af4a353c9f9b0d1c65b45769b,395,1,146.28
train_01274.png,112c732b9b8208ab45889d784b6f6f5b0b87ab2af4a353c9f9b0d1c65b45769b,395,0,355.17
train_01325.png,1131880f06fbc9e28a89fecdbd506dbbc25e6bcba5acec665a51c28f40b1d25b,396,0,359.01
train_07509.png,1131880f06fbc9e28a89fecdbd506dbbc25e6bcba5acec665a51c28f40b1d25b,396,1,310.42
train_01175.png,11a1e10eb8b978464d354518d602212b6398aa189e3538d901024d6a6a03e197,410,1,48.4
train_03035.png,11a1e10eb8b978464d354518d602212b6398aa189e3538d901024d6a6a03e197,410,0,339.38
train_00849.png,11a5d7ee2be614e7a635b19ba4cceba8bba9d64e7fad5e177b32ab5e7987df53,411,1,34.18
train_07310.png,11a5d7ee2be614e7a635b19ba4cceba8bba9d64e7fad5e177b32ab5e7987df53,411,0,197.95
train_05122.png,11eb9a859d482e5c154076bdada39e9468cdc5693ae112a4457aef87b5f5c862,417,0,334.45
train_07478.png,11eb9a859d482e5c154076bdada39e9468cdc5693ae112a4457aef87b5f5c862,417,1,178.02
train_00235.png,11eec725b07f59ed8da2c6a1cb2ae0fe625f17af61cc8ac03f4ac0cf459c6bc4,418,0,309.0
train_06989.png,11eec725b07f59ed8da2c6a1cb2ae0fe625f17af61cc8ac03f4ac0cf459c6bc4,418,1,37.28
train_06133.png,11f24571bb99333ac2c466035847d63af80012f39497d6eef27e020cfaf60cea,419,1,238.61
train_06517.png,11f24571bb99333ac2c466035847d63af80012f39497d6eef27e020cfaf60cea,419,0,95.8
train_01363.png,11fbfedd0abccb35844540da0dc2b148b1e0c22531c95b71a194c3994d65e697,421,0,316.17
train_01615.png,11fbfedd0abccb35844540da0dc2b148b1e0c22531c95b71a194c3994d65e697,421,1,22.41
train_01222.png,1258129f7f56f81d8f7937518d10a7b80c75cc3ceb253d8886028b253caa8b19,431,0,311.24
train_01691.png,1258129f7f56f81d8f7937518d10a7b80c75cc3ceb253d8886028b253caa8b19,431,1,197.32
train_04868.png,12832cae033ad0b7aa0e94b8466397963e64c4369634baa525cc0cf446f77b28,437,0,288.95
train_06690.png,12832cae033ad0b7aa0e94b8466397963e64c4369634baa525cc0cf446f77b28,437,1,345.16
train_01127.png,12c4d6648d6cfffc8fc87e22b745f0c804b8c9431fa3bc44e7a56ee21fc50486,443,1,35.9
train_04118.png,12c4d6648d6cfffc8fc87e22b745f0c804b8c9431fa3bc44e7a56ee21fc50486,443,0,26.73
train_01543.png,12db8fd47907b9f1ccd074c6543cc68b231e6ad8cb03b8d26d995883866e25b7,446,0,333.5
train_03117.png,12db8fd47907b9f1ccd074c6543cc68b231e6ad8cb03b8d26d995883866e25b7,446,1,77.01
train_04400.png,12ee54cef06666d1dd191e254bffdaca72e4df40e9ec3c59e1cb4054b9deb65c,449,1,294.29
train_05970.png,12ee54cef06666d1dd191e254bffdaca72e4df40e9ec3c59e1cb4054b9deb65c,449,0,271.74
train_00330.png,13069dfd4c92a58ef62efde3a2d51a07b57f587a595767bd3e88a28d588812ec,452,0,286.24
train_06996.png,13069dfd4c92a58ef62efde3a2d51a07b57f587a595767bd3e88a28d588812ec,452,1,287.3
train_03549.png,136760c2020b0adf71393d0a503f77cb44b6deef923b59edea0005badcae0c8a,461,0,306.51
train_07412.png,136760c2020b0adf71393d0a503f77cb44b6deef923b59edea0005badcae0c8a,461,1,352.59
train_03031.png,1449facef698506e1292082a6ef0e53cb18eef1cff4c3d964eb326ef74a27742,475,0,335.72
train_05283.png,1449facef698506e1292082a6ef0e53cb18eef1cff4c3d964eb326ef74a27742,475,1,176.98
train_04734.png,14758257a311344554f3e9eac8f1c4a152270a888e0a00d86863402941acf901,478,0,280.99
train_06444.png,14758257a311344554f3e9eac8f1c4a152270a888e0a00d86863402941acf901,478,1,9.95
train_03677.png,14830e247b4f61d0c47a9d61b24cc654eede9ad71f48e779de5d94165453c29a,479,0,345.51
train_06104.png,14830e247b4f61d0c47a9d61b24cc654eede9ad71f48e779de5d94165453c29a,479,1,359.97
train_04329.png,14baef3eb0dfe7280d75d9ad69b716ff2c3962e986a2aaf1de58c1eef00567dc,482,1,111.34
train_05340.png,14baef3eb0dfe7280d75d9ad69b716ff2c3962e986a2aaf1de58c1eef00567dc,482,0,321.31
train_05052.png,14bc077a175b504c26390ce611875a74956e3a94976c50c65d31fa1f5289d091,483,1,92.55
train_05289.png,14bc077a175b504c26390ce611875a74956e3a94976c50c65d31fa1f5289d091,483,0,297.19
train_01717.png,14d7db0fdde2069325b03bb2d0583bb8d140a316d795c6726a071baccf161cf2,493,0,327.44
train_03046.png,14d7db0fdde2069325b03bb2d0583bb8d140a316d795c6726a071baccf161cf2,493,1,206.52
train_01734.png,151479f343cac8d43a168fd9ffc3c5b028c498f71fda90c5a3cb44ce90f40e31,497,0,335.53
train_03990.png,151479f343cac8d43a168fd9ffc3c5b028c498f71fda90c5a3cb44ce90f40e31,497,1,61.75
train_05897.png,1519f3ba56132848eec0e6de63bf99f97864a49ae1900a87ad89be0c8c6bf44e,498,1,11.07
train_05904.png,1519f3ba56132848eec0e6de63bf99f97864a49ae1900a87ad89be0c8c6bf44e,498,0,351.37
train_06598.png,1522bdb59f4c04ef54f98c8f37da4089bf08e6f6f113976748048ac1c082a983,500,1,327.87
train_07248.png,1522bdb59f4c04ef54f98c8f37da4089bf08e6f6f113976748048ac1c082a983,500,0,354.48
train_05859.png,15335a3b1fa97a0f4674bffa5fd0f5e67c18108eca027b4b684a6dd88f6738d5,502,0,250.57
train_07133.png,15335a3b1fa97a0f4674bffa5fd0f5e67c18108eca027b4b684a6dd88f6738d5,502,1,109.48
train_00474.png,153941c4d2a89d322bdaff38d2cc097aa575ccafc72ba11c6e601b965db39df4,505,0,328.69
train_02377.png,153941c4d2a89d322bdaff38d2cc097aa575ccafc72ba11c6e601b965db39df4,505,1,280.88
train_03805.png,153c5c5c94fbd22780b0db666f4d34b1286d751cba367ec374ff776ceaa7f2c5,506,0,310.84
train_07130.png,153c5c5c94fbd22780b0db666f4d34b1286d751cba367ec374ff776ceaa7f2c5,506,1,89.09
train_05327.png,159288761e69c14a5ab2ea85ab7136a2d87c3313c14b1910774bf781a22f155c,517,0,259.52
train_07085.png,159288761e69c14a5ab2ea85ab7136a2d87c3313c14b1910774bf781a22f155c,517,1,322.56
train_02237.png,15b099430e72262f139bce29b4c03300c5e7933a9eedfc06a7d68b8bcf49d161,521,0,280.63
train_05119.png,15b099430e72262f139bce29b4c03300c5e7933a9eedfc06a7d68b8bcf49d161,521,1,88.98
train_05534.png,15de4ce6df33882701b7414bd9147cd8f6d7b9aaac2bdd3a2aa0fb7d07d2c8da,525,0,327.31
train_06215.png,15de4ce6df33882701b7414bd9147cd8f6d7b9aaac2bdd3a2aa0fb7d07d2c8da,525,1,150.82
train_02196.png,15f7731da6e08ad86214e5bc65c1819038b4bde0733c8da99c1f4c8673d8a2c2,528,0,195.37
train_07239.png,15f7731da6e08ad86214e5bc65c1819038b4bde0733c8da99c1f4c8673d8a2c2,528,1,58.52
train_02402.png,16062bd7885a1ae2ae69925e439cced96b4b6a89ce523cd136cf027fd73c0f5d,529,1,259.97
train_05138.png,16062bd7885a1ae2ae69925e439cced96b4b6a89ce523cd136cf027fd73c0f5d,529,0,292.98
train_04901.png,16321997048c9801399178ca3e713d393ca56ab21c03553f4fb1b226bd9328ff,533,1,8.04
train_07389.png,16321997048c9801399178ca3e713d393ca56ab21c03553f4fb1b226bd9328ff,533,0,295.86
train_01370.png,1658d1f1e9bfda37219653c96c17ff0568810582d6d5ebc39d7d9fc4911ce99b,535,1,357.86
train_02190.png,1658d1f1e9bfda37219653c96c17ff0568810582d6d5ebc39d7d9fc4911ce99b,535,0,276.07
train_01113.png,16c676378d596076efc319e3b89b60df0bcb7bc539d30b1ac8f4fdd362fa7b35,544,1,241.75
train_04136.png,16c676378d596076efc319e3b89b60df0bcb7bc539d30b1ac8f4fdd362fa7b35,544,0,329.74
train_06020.png,16f62e4dceff59a3d86488673e6f788232429041b12bb0c9933d1a1ffe677795,548,0,302.92
train_06254.png,16f62e4dceff59a3d86488673e6f788232429041b12bb0c9933d1a1ffe677795,548,1,312.91
train_02693.png,17126d6be32d6282efc502e0743a5dceb2535a8891ca463ada8c3a881d9e129e,551,0,270.89
train_06276.png,17126d6be32d6282efc502e0743a5dceb2535a8891ca463ada8c3a881d9e129e,551,1,167.27
train_04631.png,172872b0219d139a3d934e5d6f78fd16b612d2db30aedc071641996873658ec9,555,0,294.23
train_05088.png,172872b0219d139a3d934e5d6f78fd16b612d2db30aedc071641996873658ec9,555,1,99.68
train_00530.png,172a0e776ef0511b587101f16b4d4623d39b6a291750a41962699b4be69405b6,556,0,312.77
train_00801.png,172a0e776ef0511b587101f16b4d4623d39b6a291750a41962699b4be69405b6,556,1,321.8
train_01378.png,178077759f0854d4a040158318cde1b6b6450e45807bc172e965b7a3eadee5ec,564,0,349.0
train_05203.png,178077759f0854d4a040158318cde1b6b6450e45807bc172e965b7a3eadee5ec,564,1,153.19
train_06619.png,17ad6f1e13f7351c6e22981a0c36cfaff2b133e55d9d33a14d567641d0daacf3,571,0,288.51
train_07441.png,17ad6f1e13f7351c6e22981a0c36cfaff2b133e55d9d33a14d567641d0daacf3,571,1,17.47
train_02136.png,17c39aee01616c99480a7afbbe7c755ae87463ff24b1252266d44186d0084664,572,0,288.35
train_05684.png,17c39aee01616c99480a7afbbe7c755ae87463ff24b1252266d44186d0084664,572,1,193.77
train_02012.png,17e089fc59fa8a951f6529fa8a9ce4738a7499d61ff2395ff2af2013f373964b,575,1,185.11
train_06260.png,17e089fc59fa8a951f6529fa8a9ce4738a7499d61ff2395ff2af2013f373964b,575,0,355.77
train_01024.png,181c3e4c4e937e2d9df546c62641f45e26d7d322d83e55cc0ddf24636a9504dc,579,0,306.79
train_01890.png,181c3e4c4e937e2d9df546c62641f45e26d7d322d83e55cc0ddf24636a9504dc,579,1,254.01
train_00881.png,184ed4ba8ae6ef7d7f0629ff75a559e33f03bc57771d18503459cc0656d32732,581,0,293.77
train_03799.png,184ed4ba8ae6ef7d7f0629ff75a559e33f03bc57771d18503459cc0656d32732,581,1,167.83
train_02883.png,1869c624a869b9c5fd5207b4223ed788fef9d63143bff6538f4c70ecd81276dc,582,0,273.43
train_07411.png,1869c624a869b9c5fd5207b4223ed788fef9d63143bff6538f4c70ecd81276dc,582,1,325.5
train_02232.png,18bfe0af5e2408533df4e4278bba8120958b70a63f40ac679dfdc05f0ba53298,588,0,350.33
train_05480.png,18bfe0af5e2408533df4e4278bba8120958b70a63f40ac679dfdc05f0ba53298,588,1,166.27
train_04126.png,18eaebf6bb822e43be6e34130f763530ee2460830259b63be2c22e1e6a956778,591,0,321.59
train_06633.png,18eaebf6bb822e43be6e34130f763530ee2460830259b63be2c22e1e6a956778,591,1,335.91
train_03999.png,1902e64f5ac7491cc65ae611a4faa05a20ae601de169332799d9d2e0da8aafcf,596,1,335.75
train_05732.png,1902e64f5ac7491cc65ae611a4faa05a20ae601de169332799d9d2e0da8aafcf,596,0,304.21
train_01089.png,191cee6968da350cba0ef2bf3530abbefd87e86f6947688e7b540bd71c1f3c2b,600,1,295.43
train_02182.png,191cee6968da350cba0ef2bf3530abbefd87e86f6947688e7b540bd71c1f3c2b,600,0,276.84
train_04083.png,194bef90bd184e86a1f38cb4a7c3befc53270e87fdd14426c61eff25f9dd88c0,606,1,63.75
train_04373.png,194bef90bd184e86a1f38cb4a7c3befc53270e87fdd14426c61eff25f9dd88c0,606,0,284.96
train_00150.png,19a9fa339d46bfd05184242ead88fca17d9e33eb2cdd167b0b2597ad61dac6b0,612,0,82.8
train_03364.png,19a9fa339d46bfd05184242ead88fca17d9e33eb2cdd167b0b2597ad61dac6b0,612,1,255.28
train_00698.png,1a2c4e786234a30644e5b22af7e1adf9c8c6a3237a6615e1352ff9bc46f050d4,627,0,338.57
train_03785.png,1a2c4e786234a30644e5b22af7e1adf9c8c6a3237a6615e1352ff9bc46f050d4,627,1,231.79
train_00951.png,1a68508675bf8b01c77eba46cafe8debfb1852899453fd9d5d0634e952d475b8,634,0,307.79
train_03314.png,1a68508675bf8b01c77eba46cafe8debfb1852899453fd9d5d0634e952d475b8,634,1,186.59
train_02966.png,1aa98a356d56e4982f6c0f57ac26b9faa74297faad376544789e163bd62ab500,639,0,210.02
train_04190.png,1aa98a356d56e4982f6c0f57ac26b9faa74297faad376544789e163bd62ab500,639,1,210.02
train_02050.png,1aacd5c10062342d7d6e5f58ca64ac3bb7eb5408f2cb89bfbc7b32161346b7ef,641,1,44.31
train_03616.png,1aacd5c10062342d7d6e5f58ca64ac3bb7eb5408f2cb89bfbc7b32161346b7ef,641,0,313.27
train_00013.png,1ac017eef09fc7721c7e9e4c0f18c38a7e709418953e29fd1371088e8feef279,646,1,248.34
train_02557.png,1ac017eef09fc7721c7e9e4c0f18c38a7e709418953e29fd1371088e8feef279,646,0,302.92
train_02909.png,1add860359c0bfb064d0d9ce58db70d3c6b6fa8c313c2cf2d2504daa27fdf04d,652,1,32.61
train_04239.png,1add860359c0bfb064d0d9ce58db70d3c6b6fa8c313c2cf2d2504daa27fdf04d,652,0,284.58
train_02744.png,1b25338dc430e763be14098a8185adf00ba49df1fe46a225ca3aa56099357f72,655,1,99.39
train_03632.png,1b25338dc430e763be14098a8185adf00ba49df1fe46a225ca3aa56099357f72,655,0,106.75
train_04101.png,1b436692a7e46545698ec1a5b35df33e7f52645f94ed45b9ad7d56f587ccda2a,658,1,160.32
train_07422.png,1b436692a7e46545698ec1a5b35df33e7f52645f94ed45b9ad7d56f587ccda2a,658,0,300.4
train_00544.png,1b59a1487ecb31ff43fd69f0b5c01d09671d9a563a4e5efa4bae244168a4051d,659,0,292.04
train_03341.png,1b59a1487ecb31ff43fd69f0b5c01d09671d9a563a4e5efa4bae244168a4051d,659,1,319.8
train_01189.png,1b5ba198456e0969ebd3e674ec138ff4502b078b3a0755282d629980f923e368,660,1,339.54
train_02870.png,1b5ba198456e0969ebd3e674ec138ff4502b078b3a0755282d629980f923e368,660,0,340.11
train_02600.png,1b97659b952aec32e504e67fc9923ef58fb510f062915d9a85a7e53ec78f9d46,665,1,237.28
train_04535.png,1b97659b952aec32e504e67fc9923ef58fb510f062915d9a85a7e53ec78f9d46,665,0,329.99
train_03680.png,1ba1b128e642dd2b7d5558939a292e2f2768c0385dbd9c488de8f797a03478c3,667,1,346.67
train_06525.png,1ba1b128e642dd2b7d5558939a292e2f2768c0385dbd9c488de8f797a03478c3,667,0,304.88
train_05415.png,1ba4177ee4ad5a535fb531f23e10da28bf40b47188b45892c892bf1eed23150e,668,0,79.74
train_06392.png,1ba4177ee4ad5a535fb531f23e10da28bf40b47188b45892c892bf1eed23150e,668,1,297.71
train_02571.png,1baa042fae7b737b5c593ea7c6f98ca82037e6993062e0807d599ac911edbbc0,670,0,344.86
train_06970.png,1baa042fae7b737b5c593ea7c6f98ca82037e6993062e0807d599ac911edbbc0,670,1,238.5
train_04440.png,1badc3daaa324dc3d5fd3f9d740056658b0fb79628fcd6c00042be000bf4afed,671,1,306.9
train_07538.png,1badc3daaa324dc3d5fd3f9d740056658b0fb79628fcd6c00042be000bf4afed,671,0,267.66
train_06575.png,1bd04f197109e8cbdecd3e607d03ae53fcb883e4a046bdb7ac3ad1b36587db9b,672,1,178.17
train_07752.png,1bd04f197109e8cbdecd3e607d03ae53fcb883e4a046bdb7ac3ad1b36587db9b,672,0,288.86
train_03925.png,1be07f152312368b99daa981f2046550c231f2a4033fe627d8cbc8f3a35a9277,674,1,322.72
train_04319.png,1be07f152312368b99daa981f2046550c231f2a4033fe627d8cbc8f3a35a9277,674,0,277.49
train_00697.png,1c899cd861effd10a25d4cbe1d8bf33e9b299524f829868219231fa4f5e1d7ae,688,1,165.78
train_04559.png,1c899cd861effd10a25d4cbe1d8bf33e9b299524f829868219231fa4f5e1d7ae,688,0,298.78
train_00124.png,1c9ae77e010a2a2bdc8630a89d6a96fdd6d739d311ad633696c2c26b217fd185,690,1,215.05
train_02742.png,1c9ae77e010a2a2bdc8630a89d6a96fdd6d739d311ad633696c2c26b217fd185,690,0,314.26
train_01458.png,1cc3f16646b64e797d756da642b10f0dc7747423ec34d8490cd9a15860b3c41b,694,1,36.29
train_04057.png,1cc3f16646b64e797d756da642b10f0dc7747423ec34d8490cd9a15860b3c41b,694,0,324.45
train_04623.png,1cf6532b53d11e8094ba9b064fb696f42b29dc61cd2551b249d46752ab367731,698,0,346.82
train_05059.png,1cf6532b53d11e8094ba9b064fb696f42b29dc61cd2551b249d46752ab367731,698,1,208.42
train_00461.png,1d0cfd5613c6a416f7584d1732dee8372632ffb574d46d4a2fd12e5aa341a49f,701,1,300.68
train_01284.png,1d0cfd5613c6a416f7584d1732dee8372632ffb574d46d4a2fd12e5aa341a49f,701,0,124.21
train_00357.png,1d1433dd23c605f3c71bfb4a059e74c2370fbc684c8080f14ce99c1cff1f393b,702,1,107.66
train_00468.png,1d1433dd23c605f3c71bfb4a059e74c2370fbc684c8080f14ce99c1cff1f393b,702,0,286.81
train_04698.png,1d16de488f8954ecf7d51297b58504056c0e172ba15b9ce92d336618b4601444,703,0,301.1
train_05759.png,1d16de488f8954ecf7d51297b58504056c0e172ba15b9ce92d336618b4601444,703,1,300.51
train_00974.png,1d281cc1f9a486eb6465649d791e536638210bd504f013cd8f341c85a0b5aaa3,705,1,339.63
train_02708.png,1d281cc1f9a486eb6465649d791e536638210bd504f013cd8f341c85a0b5aaa3,705,0,285.98
train_00134.png,1d7736e818aec4d607252d066bd7f5b63bd34f3a23927873edc59c99b9706398,710,0,271.19
train_05484.png,1d7736e818aec4d607252d066bd7f5b63bd34f3a23927873edc59c99b9706398,710,1,106.4
train_04484.png,1d8d7d1db1c368502a2344f64437516d1a58f9b8635b7aab86343b715a6ae98f,714,1,216.64
train_07140.png,1d8d7d1db1c368502a2344f64437516d1a58f9b8635b7aab86343b715a6ae98f,714,0,348.49
train_00504.png,1d96f0850ca0735956fe601943738d21d7eab0699c7364794da3e08125125b9f,715,0,293.03
train_04908.png,1d96f0850ca0735956fe601943738d21d7eab0699c7364794da3e08125125b9f,715,1,196.93
train_00505.png,1db1a27f5dd953bdcda694e02395249b8c3a7a7d2f9e116c16c302a690c14608,717,1,154.47
train_05841.png,1db1a27f5dd953bdcda694e02395249b8c3a7a7d2f9e116c16c302a690c14608,717,0,278.01
train_03195.png,1de16cccefb030f976584da33d283d0d280a1032509bcd7f46c36d3f9f7cf533,721,0,358.87
train_03234.png,1de16cccefb030f976584da33d283d0d280a1032509bcd7f46c36d3f9f7cf533,721,1,353.01
train_01789.png,1e3db2fd24595f60bd4fa458eed0e7b258fd86d352bc9d89ddbfb224fe7819d5,725,1,147.43
train_06382.png,1e3db2fd24595f60bd4fa458eed0e7b258fd86d352bc9d89ddbfb224fe7819d5,725,0,311.78
train_04105.png,1ea5becc13aca501ce7f0f2ed9f424736edd3ce2491dd2bc526f215c4d75eef8,731,1,260.19
train_04692.png,1ea5becc13aca501ce7f0f2ed9f424736edd3ce2491dd2bc526f215c4d75eef8,731,0,339.02
train_00039.png,1eb6e4c0ca6b65a98c81b6136ed18f283bf28ffacb77f3ddcd82ed38d2f5ecd6,734,0,161.59
train_03049.png,1eb6e4c0ca6b65a98c81b6136ed18f283bf28ffacb77f3ddcd82ed38d2f5ecd6,734,1,206.12
train_02253.png,1ed15f2655ad75b7129df5006f51363104e7918577c024e8a825cfb14a7b6bce,738,1,319.22
train_07506.png,1ed15f2655ad75b7129df5006f51363104e7918577c024e8a825cfb14a7b6bce,738,0,313.41
train_02096.png,1f23f5cf8fd81d47bff93dcb85c197b8de308be41709d1ad0a7cacc682025b65,745,1,168.5
train_02818.png,1f23f5cf8fd81d47bff93dcb85c197b8de308be41709d1ad0a7cacc682025b65,745,0,344.73
train_01123.png,1f45d67a7c3e71d053be6ba95cf4f8afa25fbb3a76835b71ac2fb7b950b05eea,748,0,287.26
train_03162.png,1f45d67a7c3e71d053be6ba95cf4f8afa25fbb3a76835b71ac2fb7b950b05eea,748,1,156.94
train_06184.png,1fbd4ba32ec8d46013c1b01927ec1667c3d2f90fd9f1f08ef384dcf2c4abbd81,762,0,281.52
train_06389.png,1fbd4ba32ec8d46013c1b01927ec1667c3d2f90fd9f1f08ef384dcf2c4abbd81,762,1,206.89
train_00445.png,1ff6b488e3bb1e9845d74eb930e532367531d70959c953186abf3a9b4a2614b9,763,1,102.64
train_01362.png,1ff6b488e3bb1e9845d74eb930e532367531d70959c953186abf3a9b4a2614b9,763,0,338.68
train_01910.png,1ffce4daa0a332236db536075c01ce6dd4c206bb584e8828a7b58f06a5168f8b,764,1,185.38
train_01919.png,1ffce4daa0a332236db536075c01ce6dd4c206bb584e8828a7b58f06a5168f8b,764,0,324.7
train_01251.png,205a20e6e6d275b480d9daf826f3f085603b6a14cf219ec4aef4eef03daaa8da,776,1,150.0
train_07405.png,205a20e6e6d275b480d9daf826f3f085603b6a14cf219ec4aef4eef03daaa8da,776,0,240.2
train_02217.png,2083617cc00f998bf8df3b011776bd249002b493d090bc7c73739ae951d6d05f,783,1,116.49
train_03859.png,2083617cc00f998bf8df3b011776bd249002b493d090bc7c73739ae951d6d05f,783,0,81.37
train_02027.png,20b4bd14816536bc830a9ce596eaaca4ce0236fde26204ef458b70c30b4c7be3,787,0,344.03
train_05857.png,20b4bd14816536bc830a9ce596eaaca4ce0236fde26204ef458b70c30b4c7be3,787,1,294.92
train_01389.png,20c6b1deafedf4546a3965c91ed3ca3e8623a68fe80382abaff84a782b67aae9,789,0,284.01
train_01935.png,20c6b1deafedf4546a3965c91ed3ca3e8623a68fe80382abaff84a782b67aae9,789,1,44.0
train_02426.png,20ef7c41ba2f11c7c598a50fce8876a7ef226847e5a1179dc995c08d5b273a13,792,0,228.63
train_07385.png,20ef7c41ba2f11c7c598a50fce8876a7ef226847e5a1179dc995c08d5b273a13,792,1,177.16
train_01379.png,212492aa6a3aa165aed29ddc3d8a0f83f0bc5d6f56535a5394c8c3c728d34f17,797,0,289.1
train_04523.png,212492aa6a3aa165aed29ddc3d8a0f83f0bc5d6f56535a5394c8c3c728d34f17,797,1,76.84
train_05472.png,21506a83d2a9d4cec058dbe4ac59987d3a9282285040646f90aeb3501a255c22,802,1,306.34
train_07726.png,21506a83d2a9d4cec058dbe4ac59987d3a9282285040646f90aeb3501a255c22,802,0,336.19
train_03370.png,216f3a907646ed6e0eab8838923a007f209c41bdb9e67ae817507d2b31d98ea9,805,0,61.86
train_06566.png,216f3a907646ed6e0eab8838923a007f209c41bdb9e67ae817507d2b31d98ea9,805,1,66.68
train_02963.png,217a9a1fc50725262ad36abd3d932f2fe004d5bb5b7a74af60821b295090fd98,806,1,256.14
train_07143.png,217a9a1fc50725262ad36abd3d932f2fe004d5bb5b7a74af60821b295090fd98,806,0,285.85
train_01413.png,218ed46cccbcb45d176f90a47b1803c58598650de9b2343863ca86a44b09075c,808,1,183.74
train_06558.png,218ed46cccbcb45d176f90a47b1803c58598650de9b2343863ca86a44b09075c,808,0,278.02
train_01589.png,21d2b581a534a7b16bbea597e02b720b1c7d8ef60557e01d4140e2a0d4c51f22,816,0,308.53
train_05314.png,21d2b581a534a7b16bbea597e02b720b1c7d8ef60557e01d4140e2a0d4c51f22,816,1,284.37
train_04132.png,21d2db616e7c205236ecc05a0be21820b618072c81c6b90d6a99e4bfbe5b503d,817,1,338.2
train_06032.png,21d2db616e7c205236ecc05a0be21820b618072c81c6b90d6a99e4bfbe5b503d,817,0,357.94
train_00883.png,21e9a6182583ad32717184df923c7b63c34e4009304807a7181ab040fa774652,818,1,10.95
train_06116.png,21e9a6182583ad32717184df923c7b63c34e4009304807a7181ab040fa774652,818,0,356.22
train_01463.png,21ed3331f4a8909b820bec5a7cc46f51278d2dee9c3aa446f13c1e12b5b5e623,819,0,272.54
train_04330.png,21ed3331f4a8909b820bec5a7cc46f51278d2dee9c3aa446f13c1e12b5b5e623,819,1,213.36
train_00361.png,222670c98ae39793360940e2f82ec8738b1d497b35b6f1eeca6c22a4a303eb87,828,1,234.06
train_03790.png,222670c98ae39793360940e2f82ec8738b1d497b35b6f1eeca6c22a4a303eb87,828,0,18.31
train_03416.png,225494e359c83a19748b1c997f739adbe38b1b6d46ad52a19fc589481578702a,830,1,157.99
train_05290.png,225494e359c83a19748b1c997f739adbe38b1b6d46ad52a19fc589481578702a,830,0,202.09
train_04859.png,22cc0777efb00680953da87706a994ba48211052233a7efe045c772c00c2bd02,839,1,232.23
train_07365.png,22cc0777efb00680953da87706a994ba48211052233a7efe045c772c00c2bd02,839,0,342.21
train_01684.png,232ba03650c05858e441a9f7579538fb2b278cb414f78228ce0eb828a2d6548b,847,0,318.13
train_03710.png,232ba03650c05858e441a9f7579538fb2b278cb414f78228ce0eb828a2d6548b,847,1,133.6
train_01420.png,2398c10c36d96c282cffaf0bce3f117c30f5219ccc8fc41d3f634757918af1bb,862,1,236.11
train_03433.png,2398c10c36d96c282cffaf0bce3f117c30f5219ccc8fc41d3f634757918af1bb,862,0,314.91
train_00663.png,246797e164843d8c010e2518b3c84d01e281b7109eb13a426be9c26cb5f9fd72,876,1,101.27
train_02903.png,246797e164843d8c010e2518b3c84d01e281b7109eb13a426be9c26cb5f9fd72,876,0,340.59
train_07264.png,24a5c056e9b760ea432a1ccdf98bddc1e91a869ab68ac1655ff3fdd8e74d785f,881,1,258.02
train_07402.png,24a5c056e9b760ea432a1ccdf98bddc1e91a869ab68ac1655ff3fdd8e74d785f,881,0,252.99
train_01494.png,24ce34a5c23a6d558bb673411f734e56795c77356a0309e625a8a514a4bb54c5,883,0,309.16
train_06333.png,24ce34a5c23a6d558bb673411f734e56795c77356a0309e625a8a514a4bb54c5,883,1,116.35
train_01550.png,2513b8de67ee94b9dd7660d9206a0cacb0167ddd6b2fa57bccd59db7883ea0c2,888,1,55.96
train_06746.png,2513b8de67ee94b9dd7660d9206a0cacb0167ddd6b2fa57bccd59db7883ea0c2,888,0,305.32
train_03879.png,252287d616b1932d6e6c8292a4ccdf2a3820d5b9e5b0940d9f9a4b6bb8675317,889,1,23.37
train_06669.png,252287d616b1932d6e6c8292a4ccdf2a3820d5b9e5b0940d9f9a4b6bb8675317,889,0,317.2
train_04245.png,25574312ab5ad39a3e5fb236d0bd2d1c0efe76490e23a108e2f59c1466a22f3d,894,0,350.31
train_05551.png,25574312ab5ad39a3e5fb236d0bd2d1c0efe76490e23a108e2f59c1466a22f3d,894,1,0.48
train_02186.png,25630363cd82cda43bee88074a5a3f203c5192f0de295b73b47363f84a3a72e8,898,0,301.36
train_07562.png,25630363cd82cda43bee88074a5a3f203c5192f0de295b73b47363f84a3a72e8,898,1,130.98
train_03462.png,25763a22b756b31c00b840ef43b00cdc7bb5037e77bca22232145a1523c1adc9,901,0,320.75
train_07820.png,25763a22b756b31c00b840ef43b00cdc7bb5037e77bca22232145a1523c1adc9,901,1,136.49
train_00475.png,25a2a9d3045283750dcd622c437152ebc8d1c15097acc4e487559bb064ab62df,903,0,48.31
train_01810.png,25a2a9d3045283750dcd622c437152ebc8d1c15097acc4e487559bb064ab62df,903,1,299.7
train_00611.png,25d48cb5e4e54b2a153b5e6ac2027e624f185f1fd8e690d7e9d60e4e6986242a,908,1,218.99
train_02025.png,25d48cb5e4e54b2a153b5e6ac2027e624f185f1fd8e690d7e9d60e4e6986242a,908,0,273.19
train_04572.png,267ddba80849d1ad8370d7b4efea833e1ca41385229d2412b99d3d25f6d3ea64,921,1,175.51
train_06542.png,267ddba80849d1ad8370d7b4efea833e1ca41385229d2412b99d3d25f6d3ea64,921,0,313.09
train_01454.png,26cd23f447438191cc4156a512310d553a4e1aeedc8afe6764b422cfcb525cc6,931,0,294.23
train_03109.png,26cd23f447438191cc4156a512310d553a4e1aeedc8afe6764b422cfcb525cc6,931,1,358.61
train_04326.png,26cf76fbfcd2e1515bb1490d3e3ff63ea606482c41e121c0dac520b9a4ebfffe,932,0,277.65
train_06180.png,26cf76fbfcd2e1515bb1490d3e3ff63ea606482c41e121c0dac520b9a4ebfffe,932,1,188.78
train_00293.png,26eeea4199f023a312553f104a861fc7dde91ee438bf323fc988488f1e237dbe,936,1,321.55
train_06501.png,26eeea4199f023a312553f104a861fc7dde91ee438bf323fc988488f1e237dbe,936,0,225.25
train_02450.png,27263d07929c549177ee24152e4430d2c9223e0c39d5596fc1f33ab9fe555852,943,0,336.03
train_03192.png,27263d07929c549177ee24152e4430d2c9223e0c39d5596fc1f33ab9fe555852,943,1,87.64
train_01242.png,278a657e8e29a319fc42aec52d0122fad580c7f3c9f275ae74cf66ed9d67a100,954,0,323.27
train_01319.png,278a657e8e29a319fc42aec52d0122fad580c7f3c9f275ae74cf66ed9d67a100,954,1,351.77
train_00922.png,279d16bc542a6385413e9a78572d07361ece79169caf5a425d953a47a541b727,958,1,254.02
train_03978.png,279d16bc542a6385413e9a78572d07361ece79169caf5a425d953a47a541b727,958,0,8.78
train_02023.png,27a9cc517701306778a4df0866fb0a18a1980fee3ad536497168eda8ced3a09a,959,0,333.43
train_05346.png,27a9cc517701306778a4df0866fb0a18a1980fee3ad536497168eda8ced3a09a,959,1,236.21
train_00168.png,27b3587c0f414ce6fad8ef0e9351240953b6f29692583707b8e8f89a88671a7e,960,1,251.73
train_01686.png,27b3587c0f414ce6fad8ef0e9351240953b6f29692583707b8e8f89a88671a7e,960,0,47.62
train_03182.png,27b8808761c954ae72279177f7c249dcb33f172573ff453c43d5ff399ac91427,961,0,294.08
train_04217.png,27b8808761c954ae72279177f7c249dcb33f172573ff453c43d5ff399ac91427,961,1,225.31
train_01829.png,27f4c4d96c5495145095f81fa6f40ffbbca76eff1c9ad89bcb2021786f7c2670,969,0,354.54
train_04278.png,27f4c4d96c5495145095f81fa6f40ffbbca76eff1c9ad89bcb2021786f7c2670,969,1,324.66
train_03657.png,2829aceb8bfa570cbcd6150b31e6e03835da7d2ae3728d7ca2805ad73645d93f,976,0,97.34
train_05395.png,2829aceb8bfa570cbcd6150b31e6e03835da7d2ae3728d7ca2805ad73645d93f,976,1,82.14
train_02567.png,294922f7795a071f6143503394e1ae551174cb3d872894cee70d06560525fc47,995,1,320.92
train_05057.png,294922f7795a071f6143503394e1ae551174cb3d872894cee70d06560525fc47,995,0,348.8
train_04678.png,299baf5b1bbd0fce80d7a14c71b071067de185db012a441eff2983ca1dbbaaca,1002,0,278.25
train_05017.png,299baf5b1bbd0fce80d7a14c71b071067de185db012a441eff2983ca1dbbaaca,1002,1,78.36
train_01803.png,29c8d303dcbf7861c165ed66c058d58f35b2f8dd825de7816fd44f7cdaeb0e64,1007,1,113.88
train_03323.png,29c8d303dcbf7861c165ed66c058d58f35b2f8dd825de7816fd44f7cdaeb0e64,1007,0,326.07
train_01384.png,29cbe1be0ff3390619d703ca1f49f4850adb329acf7917c0b55942d2ca863298,1008,0,272.0
train_06144.png,29cbe1be0ff3390619d703ca1f49f4850adb329acf7917c0b55942d2ca863298,1008,1,215.68
train_00401.png,29ceee543232eb6705b6df419fcaff11e750a9b352fd5bd7dabe9510701de894,1010,0,338.65
train_06715.png,29ceee543232eb6705b6df419fcaff11e750a9b352fd5bd7dabe9510701de894,1010,1,207.13
train_01533.png,29e0e6239591d18de4ab530c6e4edb86f5412717b01600be29b408a991948c2c,1014,0,273.24
train_05682.png,29e0e6239591d18de4ab530c6e4edb86f5412717b01600be29b408a991948c2c,1014,1,60.34
train_00404.png,2a4ea2a1e0159d2120c7ef3aaf9a1157ea1e6cd32e9dafc1a3f41bc6cc22f2ad,1020,1,179.94
train_05797.png,2a4ea2a1e0159d2120c7ef3aaf9a1157ea1e6cd32e9dafc1a3f41bc6cc22f2ad,1020,0,283.46
train_02406.png,2a529f35255238d0ea90e584326cda0d2c11ed531ca9e21d08b20764cffa42e1,1021,1,301.13
train_05269.png,2a529f35255238d0ea90e584326cda0d2c11ed531ca9e21d08b20764cffa42e1,1021,0,292.24
train_03321.png,2a52da3e800d501b72acf6605afc03cf3b4bff0fce1a15e20c58fb44badc1e56,1022,1,331.9
train_06940.png,2a52da3e800d501b72acf6605afc03cf3b4bff0fce1a15e20c58fb44badc1e56,1022,0,328.77
train_02103.png,2a68508db571a51841f9e81d755dc4fd63dbf6a6d81f3de85417b9bfec92b40a,1024,1,120.14
train_06051.png,2a68508db571a51841f9e81d755dc4fd63dbf6a6d81f3de85417b9bfec92b40a,1024,0,347.05
train_00843.png,2a6ab9e09614f5daf9fdbea2dfd031c6a7b7d804e33f49801be0600bac4a6dc8,1025,0,271.85
train_05747.png,2a6ab9e09614f5daf9fdbea2dfd031c6a7b7d804e33f49801be0600bac4a6dc8,1025,1,87.23
train_00542.png,2a87ddb8a840f6bee85f53800a151384008386d6aed47584717db84993503cbb,1030,0,333.53
train_01032.png,2a87ddb8a840f6bee85f53800a151384008386d6aed47584717db84993503cbb,1030,1,79.17
train_01775.png,2aa7205f39f1ace7f3637bd2b875069470175d65f958c6457eed8b889797d187,1033,1,119.3
train_02026.png,2aa7205f39f1ace7f3637bd2b875069470175d65f958c6457eed8b889797d187,1033,0,121.99
train_03807.png,2ac3650d2f9060f1811287a55033c73346c3959cd420c98f6161f81ee3edcc86,1041,0,275.51
train_05036.png,2ac3650d2f9060f1811287a55033c73346c3959cd420c98f6161f81ee3edcc86,1041,1,139.82
train_01740.png,2aebe56e2ad19b0aa817a64e13d36a9d08f7d318ec66bd0fcbe23e5adbdede67,1046,1,268.4
train_07666.png,2aebe56e2ad19b0aa817a64e13d36a9d08f7d318ec66bd0fcbe23e5adbdede67,1046,0,200.54
train_01482.png,2af33065a28f6a8f38d14c652428d6199168ce67842b255e139141818e0fcc9c,1047,1,266.69
train_04430.png,2af33065a28f6a8f38d14c652428d6199168ce67842b255e139141818e0fcc9c,1047,0,321.51
train_05111.png,2b18fc345677f827444cdb57d2f3f617b1c46cbd77f2decfe1bb968f3916418a,1052,1,82.44
train_07364.png,2b18fc345677f827444cdb57d2f3f617b1c46cbd77f2decfe1bb968f3916418a,1052,0,94.42
train_00172.png,2b5d2d361c2e0217c80fa10ef8c8a52d6ff8cb8337fea648fbf02e5d59591ab8,1057,1,209.23
train_06862.png,2b5d2d361c2e0217c80fa10ef8c8a52d6ff8cb8337fea648fbf02e5d59591ab8,1057,0,318.99
train_01776.png,2b8f0466659eac4d8315106763740d4a59c51112cd8232538f34c00498763852,1062,1,130.04
train_06647.png,2b8f0466659eac4d8315106763740d4a59c51112cd8232538f34c00498763852,1062,0,307.58
train_00068.png,2bae64758629cb1c19948f03c60f20f04ea8433fee587047d39fbc13a0a36d78,1070,0,346.16
train_07610.png,2bae64758629cb1c19948f03c60f20f04ea8433fee587047d39fbc13a0a36d78,1070,1,155.76
train_00298.png,2bc65dd395d4cb0251a75eb6dbce64dc19cbfd63a2adb8aaa215f368178a0293,1071,1,61.14
train_00403.png,2bc65dd395d4cb0251a75eb6dbce64dc19cbfd63a2adb8aaa215f368178a0293,1071,0,270.63
train_01882.png,2c291c1871a2ff5552559ba72c60a5d7f3b5c88fd6dd923e00e0ce95b0ed1e2c,1080,1,273.5
train_02668.png,2c291c1871a2ff5552559ba72c60a5d7f3b5c88fd6dd923e00e0ce95b0ed1e2c,1080,0,354.45
train_01028.png,2c3e13212fc514474a1d54b88e8801d184519ec62c768bc1a018033c3194404a,1081,0,270.46
train_03581.png,2c3e13212fc514474a1d54b88e8801d184519ec62c768bc1a018033c3194404a,1081,1,254.35
train_01326.png,2c40722dd9516b0811180364da2fae18baac4f57faf8c4e6537667e8581808a7,1084,0,343.99
train_04537.png,2c40722dd9516b0811180364da2fae18baac4f57faf8c4e6537667e8581808a7,1084,1,274.09
train_04916.png,2c6e0effbf1c832a7f11f6569ea217c170af52c32e4ce3894d7027fb9278c3d1,1087,0,301.65
train_05130.png,2c6e0effbf1c832a7f11f6569ea217c170af52c32e4ce3894d7027fb9278c3d1,1087,1,293.4
train_01483.png,2ca90f764f161a300cf0f15c7dbe4d3b1c40a303880cfb153dc14abe976d232f,1095,0,348.39
train_07191.png,2ca90f764f161a300cf0f15c7dbe4d3b1c40a303880cfb153dc14abe976d232f,1095,1,79.18
train_01731.png,2cd7697e58a221f1ae10586196aad479a1c2d646801936fadfbfded8fcc4043d,1100,0,270.98
train_04354.png,2cd7697e58a221f1ae10586196aad479a1c2d646801936fadfbfded8fcc4043d,1100,1,83.69
train_01078.png,2d11e5548f4e0ee76bb0620cd02f4c0fd9bb8e6fb881f24fd3803b19e2d73e4e,1106,0,306.68
train_02731.png,2d11e5548f4e0ee76bb0620cd02f4c0fd9bb8e6fb881f24fd3803b19e2d73e4e,1106,1,258.94
train_05726.png,2d9909a1e68d76d598ee3f5992e10fb40688f03da2013b251728b656fed7095c,1122,0,278.22
train_05777.png,2d9909a1e68d76d598ee3f5992e10fb40688f03da2013b251728b656fed7095c,1122,1,313.25
train_02515.png,2d9b600975c778ae01d76d54e75c65bce942fd484f0988f3418be86c47067072,1123,0,342.52
train_04306.png,2d9b600975c778ae01d76d54e75c65bce942fd484f0988f3418be86c47067072,1123,1,359.06
train_00249.png,2ddb3f51a4a28cc68518ab9271f74f4c033a11023216e5ed8ccd1b4bed36aa95,1128,1,100.39
train_05077.png,2ddb3f51a4a28cc68518ab9271f74f4c033a11023216e5ed8ccd1b4bed36aa95,1128,0,280.04
train_00442.png,2dffe7beaa3c03bc48b601584e1267e482b9570e17ecf16d7ce2d7b9d0e22614,1133,1,251.36
train_04585.png,2dffe7beaa3c03bc48b601584e1267e482b9570e17ecf16d7ce2d7b9d0e22614,1133,0,310.21
train_02192.png,2e10bce0bbc01193b78ff041ee3af86f3170fcb4c0a938226f5c3dfbb451918c,1137,1,261.86
train_04965.png,2e10bce0bbc01193b78ff041ee3af86f3170fcb4c0a938226f5c3dfbb451918c,1137,0,300.57
train_02040.png,2e13f5ca1cad28112a8b97ba8f33f90d095b1839ad98e26ffc25313ab49188f7,1138,0,348.07
train_04371.png,2e13f5ca1cad28112a8b97ba8f33f90d095b1839ad98e26ffc25313ab49188f7,1138,1,134.63
train_01698.png,2e1c880af0aac837920c4c68db2f6003963b8a6681e8b959fabbcaea98553444,1139,1,129.28
train_05216.png,2e1c880af0aac837920c4c68db2f6003963b8a6681e8b959fabbcaea98553444,1139,0,350.09
train_00026.png,2e42e6bdde6a9363dbd54f205bb34f8c6d5540de0f8d146b43d864e1cf04dbd3,1143,0,289.84
train_04762.png,2e42e6bdde6a9363dbd54f205bb34f8c6d5540de0f8d146b43d864e1cf04dbd3,1143,1,154.13
train_00099.png,2e591245bf2822973329c009f60a22e3c29dd9985dfe8d6202ae7225cddc6980,1146,0,319.61
train_01130.png,2e591245bf2822973329c009f60a22e3c29dd9985dfe8d6202ae7225cddc6980,1146,1,108.86
train_00094.png,2e7171ebb19bf396e9636f6349fe140f0812022c4402e32c673eea067767d7db,1149,1,213.46
train_06282.png,2e7171ebb19bf396e9636f6349fe140f0812022c4402e32c673eea067767d7db,1149,0,282.05
train_03164.png,2ec08a61bf855ae5c0ef736615a741b0fae8fe85409398c8a767a7d3981eb187,1156,0,197.59
train_07203.png,2ec08a61bf855ae5c0ef736615a741b0fae8fe85409398c8a767a7d3981eb187,1156,1,212.92
train_02168.png,2ed5d3af1ac84eb42a7774ec053b91a7d38b011e38e6ed89b382d9d16d11faeb,1159,1,137.53
train_07254.png,2ed5d3af1ac84eb42a7774ec053b91a7d38b011e38e6ed89b382d9d16d11faeb,1159,0,280.09
train_03483.png,2efbfc2d2b75eadff33dd1767f0362eb03b5435da4d0a30f3fc34d2763c90ee8,1162,1,275.24
train_06721.png,2efbfc2d2b75eadff33dd1767f0362eb03b5435da4d0a30f3fc34d2763c90ee8,1162,0,342.51
train_03353.png,2f0802daa61c4f1943a387ea3dccd668cdef11ef450636dfdbec24c7459c45dc,1163,0,297.38
train_05128.png,2f0802daa61c4f1943a387ea3dccd668cdef11ef450636dfdbec24c7459c45dc,1163,1,90.29
train_05303.png,2f1322b29f831519349a0950bc076b56b0e676f43d73b2f81ea9fb53b217b959,1165,0,295.06
train_05488.png,2f1322b29f831519349a0950bc076b56b0e676f43d73b2f81ea9fb53b217b959,1165,1,280.56
train_06181.png,2f29252373a7ebc3b8b67f578d5912202d47ea12fef80d08ef0113c30289e0a3,1166,1,144.69
train_06302.png,2f29252373a7ebc3b8b67f578d5912202d47ea12fef80d08ef0113c30289e0a3,1166,0,271.25
train_01966.png,2f9cfbb5044d9595ba13126ee9e1248afcbdc8b5a7aa12f858ee4f0b8cdd3c67,1180,1,305.99
train_06055.png,2f9cfbb5044d9595ba13126ee9e1248afcbdc8b5a7aa12f858ee4f0b8cdd3c67,1180,0,311.2
train_00887.png,2fa63ade92ee8014f251b0a36aa3be12eb59e2fb12a064aafef9908b47f70ca9,1184,1,220.5
train_05553.png,2fa63ade92ee8014f251b0a36aa3be12eb59e2fb12a064aafef9908b47f70ca9,1184,0,287.03
train_02373.png,2ff5a243d1db8fdd3a4454f3cb4149f11f2b6a031094a0aa8e292b6450c87a58,1189,0,288.05
train_04145.png,2ff5a243d1db8fdd3a4454f3cb4149f11f2b6a031094a0aa8e292b6450c87a58,1189,1,125.59
train_06999.png,30083134bb36d7220c55c225603e122db8a2eeb72d16d93f34d395a637a660eb,1192,1,280.32
train_07486.png,30083134bb36d7220c55c225603e122db8a2eeb72d16d93f34d395a637a660eb,1192,0,323.49
train_03203.png,3019337ebf048a142738e2ffa8f28661c152883a8dd7f292b1ba1e51c6f74b6f,1193,1,283.09
train_04534.png,3019337ebf048a142738e2ffa8f28661c152883a8dd7f292b1ba1e51c6f74b6f,1193,0,325.5
train_01876.png,301b25a31d7355e55e19bd283523fab73930dbe5d33620e8bdfe82c59b47cc59,1194,1,212.91
train_05962.png,301b25a31d7355e55e19bd283523fab73930dbe5d33620e8bdfe82c59b47cc59,1194,0,280.27
train_02469.png,3072f8cdaf712308036bdd197996d5fbd90d51c532ba0504ca90e2a56508d983,1202,1,222.39
train_07524.png,3072f8cdaf712308036bdd197996d5fbd90d51c532ba0504ca90e2a56508d983,1202,0,282.06
train_05439.png,317459f6d3f06a7cf8156f0ae429b8d70ae93d3119fdf924b205e07d1bb6f964,1222,1,291.84
train_06053.png,317459f6d3f06a7cf8156f0ae429b8d70ae93d3119fdf924b205e07d1bb6f964,1222,0,321.87
train_02665.png,3199fe7159e755ff9ae8e2862135840d5aac04f5fffceb5f21be99a38eb9edad,1225,0,358.35
train_03014.png,3199fe7159e755ff9ae8e2862135840d5aac04f5fffceb5f21be99a38eb9edad,1225,1,20.58
train_03338.png,31fbbcaafcb629872ce023d3a0d4035cb9150239f10cc8250798e04c2738797d,1237,0,334.21
train_07673.png,31fbbcaafcb629872ce023d3a0d4035cb9150239f10cc8250798e04c2738797d,1237,1,210.41
train_02595.png,32217d36a6192022a801a429290de501b16d022eb365d3df92047c2c7d5d1b45,1240,1,155.31
train_06926.png,32217d36a6192022a801a429290de501b16d022eb365d3df92047c2c7d5d1b45,1240,0,300.81
train_01580.png,3248272fe0bd8eb8f3f9a36e39a82f2b0c858a73034d03ed7a8a240276b54be0,1245,1,46.87
train_01901.png,3248272fe0bd8eb8f3f9a36e39a82f2b0c858a73034d03ed7a8a240276b54be0,1245,0,339.73
train_06082.png,325b0d5f916db51df5c594e68c84eeb3c1b34ac54b8c518a2de469a689ce0d4a,1246,0,310.39
train_06628.png,325b0d5f916db51df5c594e68c84eeb3c1b34ac54b8c518a2de469a689ce0d4a,1246,1,308.29
train_06589.png,32768ee0169ed4d65f25653b10633cd83eabeefea4b19de8e13bbc0bb036dc88,1249,1,287.21
train_07762.png,32768ee0169ed4d65f25653b10633cd83eabeefea4b19de8e13bbc0bb036dc88,1249,0,314.09
train_02133.png,327b2cee34dcc496904ac5350536a0538d00393c9358be9c89de98172130ecf8,1250,0,273.54
train_04624.png,327b2cee34dcc496904ac5350536a0538d00393c9358be9c89de98172130ecf8,1250,1,60.52
train_02572.png,3280596cdbfcdedfd516f5a779c6a66cd74bf11bc4ef4c47c6c780cfad8c8b5a,1251,1,348.16
train_05430.png,3280596cdbfcdedfd516f5a779c6a66cd74bf11bc4ef4c47c6c780cfad8c8b5a,1251,0,47.36
train_02011.png,32b6c3ef1b63dd3b88461b857928ce5ab66ad45737be104f2a9bd07f03add71a,1255,0,349.01
train_06398.png,32b6c3ef1b63dd3b88461b857928ce5ab66ad45737be104f2a9bd07f03add71a,1255,1,257.79
train_01441.png,32f5d580752ff29c6163c9364b1e08a7790878ef490c008ccb352f781bdbc609,1262,1,213.3
train_04110.png,32f5d580752ff29c6163c9364b1e08a7790878ef490c008ccb352f781bdbc609,1262,0,265.64
train_03572.png,33215eb687f244f1da2395cec5e215281b084e3d248ac6511f9f0692cca9cf5f,1265,1,168.18
train_03873.png,33215eb687f244f1da2395cec5e215281b084e3d248ac6511f9f0692cca9cf5f,1265,0,28.84
train_05180.png,3325b1c11577c7a687047eeb8ade4b0acab09cdb012af46932d7a7c178337d4a,1266,1,277.85
train_06278.png,3325b1c11577c7a687047eeb8ade4b0acab09cdb012af46932d7a7c178337d4a,1266,0,93.39
train_03629.png,333c1902d8451b095d1f794a8174d1f76a8ef867923553208dc4383f54b2b93a,1268,0,280.75
train_03721.png,333c1902d8451b095d1f794a8174d1f76a8ef867923553208dc4383f54b2b93a,1268,1,279.11
train_04524.png,33968fbd576d0e21724f98b1f909929ac6fcddc2643abe1947f63ca7e8602999,1276,0,319.17
train_07845.png,33968fbd576d0e21724f98b1f909929ac6fcddc2643abe1947f63ca7e8602999,1276,1,288.42
train_00760.png,33e82edf6c06c6aed737747e9c9f8705c220056fc0c8562018077e0f0c19bbf2,1281,0,290.15
train_04817.png,33e82edf6c06c6aed737747e9c9f8705c220056fc0c8562018077e0f0c19bbf2,1281,1,94.29
train_06079.png,33eb3ccb3c75b587c18dc30ac6e00a126aef167f203941ef6f6db21039911e80,1283,1,96.93
train_06370.png,33eb3ccb3c75b587c18dc30ac6e00a126aef167f203941ef6f6db21039911e80,1283,0,296.57
train_01139.png,33ee8fa7688eefc182772ffb7008a3b9a76fc72bf7c8dc9260cc31e4a6feefe4,1284,0,126.26
train_04744.png,33ee8fa7688eefc182772ffb7008a3b9a76fc72bf7c8dc9260cc31e4a6feefe4,1284,1,236.69
train_00737.png,3419c3fec55d48b93c64df53860ff96c776192eff64f527b11aa4f73940ff912,1288,0,349.53
train_03073.png,3419c3fec55d48b93c64df53860ff96c776192eff64f527b11aa4f73940ff912,1288,1,138.65
train_00034.png,3483e504a6a74a3dfcb8e7958f6b75d2033384353e1fac31759cddfc07c55bbe,1298,1,6.6
train_05920.png,3483e504a6a74a3dfcb8e7958f6b75d2033384353e1fac31759cddfc07c55bbe,1298,0,198.47
train_02918.png,3493b035f99339491ca8854b5b6dab9002250741b9bbc233df68fac32b01965a,1299,1,147.54
train_04475.png,3493b035f99339491ca8854b5b6dab9002250741b9bbc233df68fac32b01965a,1299,0,331.5
train_00030.png,349afb546f4ca3dc98d1e8da67c8ec6c856bf6d74d4a9ba953afa8a1024eeb7c,1300,1,277.01
train_02265.png,349afb546f4ca3dc98d1e8da67c8ec6c856bf6d74d4a9ba953afa8a1024eeb7c,1300,0,334.63
train_01559.png,34a77c12ac819b92e557a3280495a53811fa5dbab3e552db7a80c3724fa3f4d4,1303,1,202.78
train_05446.png,34a77c12ac819b92e557a3280495a53811fa5dbab3e552db7a80c3724fa3f4d4,1303,0,324.33
train_01990.png,34ca2250b097a7a60cb7dbddfe648eeae572bb2d352217936bbe077142aeabf6,1305,0,177.43
train_03427.png,34ca2250b097a7a60cb7dbddfe648eeae572bb2d352217936bbe077142aeabf6,1305,1,53.88
train_02644.png,351316bf32dce231d5934890ebed43cda58a77d227eb22986d614f3d2fde1562,1314,1,337.6
train_04321.png,351316bf32dce231d5934890ebed43cda58a77d227eb22986d614f3d2fde1562,1314,0,354.94
train_02119.png,35281dba65114f80c4129c949f63b33300b6abae46e9f8cbe1d3d88f182d2613,1318,1,30.43
train_04840.png,35281dba65114f80c4129c949f63b33300b6abae46e9f8cbe1d3d88f182d2613,1318,0,341.43
train_01640.png,355a3b00d9994f686b7712e10ec598ca09bb10139c98fa425a62aaf048428aa8,1326,1,290.63
train_02227.png,355a3b00d9994f686b7712e10ec598ca09bb10139c98fa425a62aaf048428aa8,1326,0,308.83
train_03324.png,357f1a754d7f4b58a2bdbe8f03465a229832f8d878844c5c91746876126e2b51,1329,0,341.07
train_05801.png,357f1a754d7f4b58a2bdbe8f03465a229832f8d878844c5c91746876126e2b51,1329,1,114.15
train_01279.png,35b5776060ad94ee986d8a97b033d2444eb2471076287be860e51ff33607dedd,1333,1,242.88
train_07078.png,35b5776060ad94ee986d8a97b033d2444eb2471076287be860e51ff33607dedd,1333,0,150.39
train_01287.png,35be9c0cb8c4a41257eb558a31a527cf851f768a65e8602fcb205f5eceaa48e6,1334,0,272.22
train_05636.png,35be9c0cb8c4a41257eb558a31a527cf851f768a65e8602fcb205f5eceaa48e6,1334,1,247.67
train_03954.png,35eb75cac9b72d6965b4c11b4665e185b5e6a2521f7b27107a890d4fb72ff879,1337,1,331.96
train_05508.png,35eb75cac9b72d6965b4c11b4665e185b5e6a2521f7b27107a890d4fb72ff879,1337,0,334.26
train_00741.png,360d3f26d33f68ae671fe3b6971aad385f9464f569e7e340f00c2e2cc758cbad,1340,1,82.75
train_06935.png,360d3f26d33f68ae671fe3b6971aad385f9464f569e7e340f00c2e2cc758cbad,1340,0,345.7
train_03855.png,363c423009165b6d25b7e78d36f0b0c1b7108a2f9e504752a2e0ef47f86ee522,1344,0,318.36
train_07452.png,363c423009165b6d25b7e78d36f0b0c1b7108a2f9e504752a2e0ef47f86ee522,1344,1,272.99
train_00981.png,3650ab6ec8b6c8a44a1b900633a0a17f96ce8c427007f5f0cf41c3274a15b778,1346,0,317.82
train_04789.png,3650ab6ec8b6c8a44a1b900633a0a17f96ce8c427007f5f0cf41c3274a15b778,1346,1,336.27
train_00113.png,368015b144fc75d0c14228d81c0f3dce242678de195f1f967442a078d261e22d,1351,1,265.42
train_02732.png,368015b144fc75d0c14228d81c0f3dce242678de195f1f967442a078d261e22d,1351,0,108.33
train_05658.png,36bab81072b83853f4412bd87ac88c6ef742e4365a01eeaf19e0dcce218f847c,1357,1,84.57
train_06253.png,36bab81072b83853f4412bd87ac88c6ef742e4365a01eeaf19e0dcce218f847c,1357,0,288.49
train_07041.png,36e8e57096f98dafeadd19f7c3aee0931efcf5c9a0b08198de8a1303a9251008,1363,0,353.3
train_07396.png,36e8e57096f98dafeadd19f7c3aee0931efcf5c9a0b08198de8a1303a9251008,1363,1,60.11
train_01986.png,37470a3ec08f90ed68dc57641fc2e33ebeb24a8274130b8c93b88054e3395f84,1371,0,297.44
train_06167.png,37470a3ec08f90ed68dc57641fc2e33ebeb24a8274130b8c93b88054e3395f84,1371,1,260.59
train_01118.png,3764d4e550c03fc013077eee20edec53a4309d33172e9abadd38eec916026b3d,1373,0,324.01
train_06749.png,3764d4e550c03fc013077eee20edec53a4309d33172e9abadd38eec916026b3d,1373,1,350.11
train_02014.png,3797f4c9e61fecddfe236cef851bdd05163864db0d2ce865b368e7ca616ca49c,1377,0,317.42
train_02685.png,3797f4c9e61fecddfe236cef851bdd05163864db0d2ce865b368e7ca616ca49c,1377,1,66.66
train_02398.png,37a1b023a3b755105bc3149574bec27a55e1bb8c02201a14816ecf719bdb3dde,1379,1,122.02
train_05728.png,37a1b023a3b755105bc3149574bec27a55e1bb8c02201a14816ecf719bdb3dde,1379,0,339.94
train_00515.png,37bbf34f9dd3652b9bc218a2ba1f173cf8d443b3eac939f799f5e8499f938a95,1381,1,67.38
train_01058.png,37bbf34f9dd3652b9bc218a2ba1f173cf8d443b3eac939f799f5e8499f938a95,1381,0,274.42
train_01673.png,37d29785adbcbdcf4869b44639b106dfec22a1bf8916e254019f64c3bd73ba19,1384,0,328.17
train_05599.png,37d29785adbcbdcf4869b44639b106dfec22a1bf8916e254019f64c3bd73ba19,1384,1,289.28
train_04021.png,37da55486a8e109f9d41a2a30d90bb9983ed721e158e28763af263bd858bc389,1386,0,277.66
train_07636.png,37da55486a8e109f9d41a2a30d90bb9983ed721e158e28763af263bd858bc389,1386,1,255.69
train_03310.png,37ff1cd540b5b120cf1a0aff1c52441dc3eea51c60d4457740973d60ca3e4f28,1389,0,338.34
train_07595.png,37ff1cd540b5b120cf1a0aff1c52441dc3eea51c60d4457740973d60ca3e4f28,1389,1,266.33
train_01861.png,38064814e47a592d068259aaaac988c6c48fba128689c5afad399cb0d2236278,1391,1,38.3
train_06809.png,38064814e47a592d068259aaaac988c6c48fba128689c5afad399cb0d2236278,1391,0,312.23
train_00012.png,381e0cf99567a6e6e3a51060f250bfe026e124299d6de218d234134e9de77fb7,1394,0,286.2
train_02593.png,381e0cf99567a6e6e3a51060f250bfe026e124299d6de218d234134e9de77fb7,1394,1,356.24
train_05705.png,3820f37300bb688d7bca89cc59a007ea3e56c47699565110fa116cf8079b1da2,1395,0,305.99
train_07451.png,3820f37300bb688d7bca89cc59a007ea3e56c47699565110fa116cf8079b1da2,1395,1,236.42
train_01096.png,38348fb6265c34344bda7aa21cab7f0c545492a80944c362fd13d69a884146ea,1396,0,322.24
train_07573.png,38348fb6265c34344bda7aa21cab7f0c545492a80944c362fd13d69a884146ea,1396,1,244.6
train_00618.png,3873ce443b2a2a400828c47b6c53b9539739b5e630c605031377b58ff6b7ab27,1405,0,279.05
train_01414.png,3873ce443b2a2a400828c47b6c53b9539739b5e630c605031377b58ff6b7ab27,1405,1,131.19
train_03281.png,38966c2f013b23c44fd6c85b3ede717f0b2a1d2a0eeb6f8b8107371faad511dd,1407,0,303.06
train_07197.png,38966c2f013b23c44fd6c85b3ede717f0b2a1d2a0eeb6f8b8107371faad511dd,1407,1,84.77
train_00736.png,38d5982f21731c512dc729ada7f3fb91122ffe068a61706c571265f75f651f9e,1411,1,312.48
train_04869.png,38d5982f21731c512dc729ada7f3fb91122ffe068a61706c571265f75f651f9e,1411,0,305.35
train_02324.png,38f0def14811dcdc806795e99f6683f25340f5ea257599afae31a25f8c3663c6,1412,0,249.09
train_07330.png,38f0def14811dcdc806795e99f6683f25340f5ea257599afae31a25f8c3663c6,1412,1,284.88
train_03146.png,3905720ff5d7ecd11e80226e757a96c0f47ae97e3a8d3413abb37442b780c1b1,1414,1,339.11
train_06017.png,3905720ff5d7ecd11e80226e757a96c0f47ae97e3a8d3413abb37442b780c1b1,1414,0,89.0
train_01172.png,39ab629b7fc7b46dc10cb761d11f5b159b786f989d914c1f8deae4ff0bfa6a05,1426,1,211.23
train_04308.png,39ab629b7fc7b46dc10cb761d11f5b159b786f989d914c1f8deae4ff0bfa6a05,1426,0,324.64
train_00513.png,39b8ef8cdffb742d8596a6d15235880ea8a9c74d42da2f7766f8e78706eea8a9,1427,0,288.55
train_05977.png,39b8ef8cdffb742d8596a6d15235880ea8a9c74d42da2f7766f8e78706eea8a9,1427,1,77.84
train_02780.png,39c298c6e886852fcd8126ed52fa21e0c27445318f0353794a97f79d77aa9f4f,1428,1,81.53
train_03723.png,39c298c6e886852fcd8126ed52fa21e0c27445318f0353794a97f79d77aa9f4f,1428,0,346.44
train_00631.png,39fc3ae7444d7691a34a009baa95247c20df89831dd7fac9fe485fced61cdc67,1435,1,352.97
train_06520.png,39fc3ae7444d7691a34a009baa95247c20df89831dd7fac9fe485fced61cdc67,1435,0,340.66
train_00918.png,3a1c9e624162ba6a5ec2eff3708f37df875e65c2b4eed4dc831bd5a1b29e36a5,1442,0,302.09
train_07055.png,3a1c9e624162ba6a5ec2eff3708f37df875e65c2b4eed4dc831bd5a1b29e36a5,1442,1,184.08
train_05402.png,3a4f0cee915103154bcc80d24eed3be0438eaab7fe2d248c5c18e809b7e162d6,1450,1,129.02
train_06886.png,3a4f0cee915103154bcc80d24eed3be0438eaab7fe2d248c5c18e809b7e162d6,1450,0,314.37
train_00745.png,3a7374210e3001141a3909fe7a230d2f29241b5c3d0aebc2fd9d40405f573dc2,1453,1,78.41
train_05220.png,3a7374210e3001141a3909fe7a230d2f29241b5c3d0aebc2fd9d40405f573dc2,1453,0,352.27
train_00528.png,3b0c37f0409439a85ad33d31fdba2134f9c77674195b2b0971fc7b9124271ad3,1466,0,4.78
train_03071.png,3b0c37f0409439a85ad33d31fdba2134f9c77674195b2b0971fc7b9124271ad3,1466,1,96.05
train_05166.png,3b32d679a10216289481c2467e74e19ee50b51616dd11e174bd80cd40d2bf220,1470,0,182.54
train_06061.png,3b32d679a10216289481c2467e74e19ee50b51616dd11e174bd80cd40d2bf220,1470,1,235.74
train_02967.png,3b51f1f9d03ac665cb553020d611350320ed4881ba837502e3e6ccf72c225f23,1474,0,324.1
train_04555.png,3b51f1f9d03ac665cb553020d611350320ed4881ba837502e3e6ccf72c225f23,1474,1,275.18
train_01500.png,3b5d5090280a15fb4329c8f2c8f0df668497cba8ec336c6f475e72a26a43105f,1476,0,295.98
train_02017.png,3b5d5090280a15fb4329c8f2c8f0df668497cba8ec336c6f475e72a26a43105f,1476,1,167.75
train_02941.png,3b94d224f254e29d6a063dd8e00877170a0d0479de9e1472e6b238b835f9a5f4,1479,1,52.87
train_04574.png,3b94d224f254e29d6a063dd8e00877170a0d0479de9e1472e6b238b835f9a5f4,1479,0,103.49
train_02437.png,3ba5244757a6f89750acdeb0d2935ef9305190bbdd148b426d962297a921c34d,1482,1,319.37
train_04909.png,3ba5244757a6f89750acdeb0d2935ef9305190bbdd148b426d962297a921c34d,1482,0,350.12
train_00864.png,3bae3ee2d517e72994c0c9afaa89c35b8958ffb9e06a3b160a079195822ce7f3,1485,0,286.27
train_07061.png,3bae3ee2d517e72994c0c9afaa89c35b8958ffb9e06a3b160a079195822ce7f3,1485,1,98.69
train_03460.png,3bc13382c403cc5eef2f97db47da4cca0952ff87c1efaf080edf36ca36f5a2b4,1489,1,84.31
train_06744.png,3bc13382c403cc5eef2f97db47da4cca0952ff87c1efaf080edf36ca36f5a2b4,1489,0,222.56
train_00493.png,3bc9916a46e31ba2c590aac74b822f528fda83427270a943220d44824add9242,1491,1,300.33
train_05298.png,3bc9916a46e31ba2c590aac74b822f528fda83427270a943220d44824add9242,1491,0,324.87
train_01645.png,3c14bbd70fca4a9939ce57d3c144e47ae0fd17f312e38360702893289b086865,1495,0,307.84
train_07490.png,3c14bbd70fca4a9939ce57d3c144e47ae0fd17f312e38360702893289b086865,1495,1,344.7
train_01999.png,3c16664467939fe3cb521e0b93a16094ec1d7600bf982e6d0b89d6e859acc6cc,1496,0,343.64
train_03787.png,3c16664467939fe3cb521e0b93a16094ec1d7600bf982e6d0b89d6e859acc6cc,1496,1,188.63
train_03627.png,3c79a569c757b76f1aa6b8f6fad3bb7a16714631b7f565271dfa4874bd0566de,1504,0,316.27
train_04680.png,3c79a569c757b76f1aa6b8f6fad3bb7a16714631b7f565271dfa4874bd0566de,1504,1,85.13
train_02991.png,3cc1eb9e2c63884f8bf2a4c62ca8c43eacdef101aa3fc6a6f82af66d529b40e1,1511,1,31.17
train_05417.png,3cc1eb9e2c63884f8bf2a4c62ca8c43eacdef101aa3fc6a6f82af66d529b40e1,1511,0,58.09
train_02986.png,3ccf9577851897257f6a0795bbfc235c2f786d51f8eff37651561ec3dfb41ef8,1513,1,132.47
train_04528.png,3ccf9577851897257f6a0795bbfc235c2f786d51f8eff37651561ec3dfb41ef8,1513,0,281.66
train_02207.png,3d3296301f1dd52a6da43678e2c737c53944568eedf883d9dc120abe34cd38a3,1520,0,284.03
train_06928.png,3d3296301f1dd52a6da43678e2c737c53944568eedf883d9dc120abe34cd38a3,1520,1,170.56
train_01381.png,3d4139b70ba1d2704cb67cca2a69f0743f9ca6d361c5b5171ca9114f8c801295,1523,1,76.15
train_02287.png,3d4139b70ba1d2704cb67cca2a69f0743f9ca6d361c5b5171ca9114f8c801295,1523,0,304.94
train_06562.png,3d4f6478af8837d28f48a0d1f447ab133af107d27d0ded4003de03f0f462b9e0,1524,1,134.51
train_07813.png,3d4f6478af8837d28f48a0d1f447ab133af107d27d0ded4003de03f0f462b9e0,1524,0,177.31
train_00525.png,3d7742e533e88ff7cd4e798427eb4e5613f7b683c74c55a79b91c6855f6fdc42,1530,1,122.48
train_07309.png,3d7742e533e88ff7cd4e798427eb4e5613f7b683c74c55a79b91c6855f6fdc42,1530,0,209.97
train_05546.png,3d848616fd411fbef9c33ec21c4021e467561e51dccd1b8e62595ce563c2963c,1533,0,351.22
train_06405.png,3d848616fd411fbef9c33ec21c4021e467561e51dccd1b8e62595ce563c2963c,1533,1,96.62
train_04035.png,3dc979d23dcf7cf186c4c3f1a58e5ee048270ca6053e29f1a0d348298a70a65f,1538,0,30.17
train_05342.png,3dc979d23dcf7cf186c4c3f1a58e5ee048270ca6053e29f1a0d348298a70a65f,1538,1,259.8
train_03287.png,3dcd358061a32691c4d97797341a8e3b6c2c7323a3455110cab995ee5ff9c1c4,1539,1,159.8
train_07652.png,3dcd358061a32691c4d97797341a8e3b6c2c7323a3455110cab995ee5ff9c1c4,1539,0,342.21
train_01041.png,3debba0a77be8a2d486d5019576d45265b88d97ac785fbf364d3c51fa82d660b,1542,1,287.53
train_07626.png,3debba0a77be8a2d486d5019576d45265b88d97ac785fbf364d3c51fa82d660b,1542,0,338.24
train_05787.png,3df0775c7fd7b61c215cbb558af9309fe47226a1cccf0c8ba9f43254c2ce3f29,1543,1,151.08
train_06209.png,3df0775c7fd7b61c215cbb558af9309fe47226a1cccf0c8ba9f43254c2ce3f29,1543,0,321.91
train_04903.png,3e7aa8370ab67bbf1f11061a270f31a71dc5480847bd0d98f1d2503fd983ba6a,1556,1,25.88
train_06767.png,3e7aa8370ab67bbf1f11061a270f31a71dc5480847bd0d98f1d2503fd983ba6a,1556,0,329.4
train_03832.png,3ea1dd3a2a640c78810da039828645ee02eabcc6bcb3c5fb4e9df0e64bff3f5c,1557,0,295.86
train_03936.png,3ea1dd3a2a640c78810da039828645ee02eabcc6bcb3c5fb4e9df0e64bff3f5c,1557,1,27.58
train_01021.png,3f0cbf2430f8837e48ffbf2304b2a33a447d637f2773c8a063556c4f958a0add,1565,0,308.26
train_03540.png,3f0cbf2430f8837e48ffbf2304b2a33a447d637f2773c8a063556c4f958a0add,1565,1,99.35
train_00368.png,3f168921f7d7a10970e2e89dc62f90d0dabe280976c2207cf9fca447069cde29,1566,1,149.79
train_03389.png,3f168921f7d7a10970e2e89dc62f90d0dabe280976c2207cf9fca447069cde29,1566,0,247.08
train_03943.png,3f18a24fbddb406888163c3de93e416f0593b1c40ac4ff84ace9720b4ea716a1,1567,1,289.12
train_07738.png,3f18a24fbddb406888163c3de93e416f0593b1c40ac4ff84ace9720b4ea716a1,1567,0,354.07
train_01824.png,3f1a27929ec7640ef414f198a7351ec0d8b1c70fd9acaf491ab250f199b33155,1568,0,348.0
train_05571.png,3f1a27929ec7640ef414f198a7351ec0d8b1c70fd9acaf491ab250f199b33155,1568,1,181.16
train_02621.png,3f1b1ccbdde392cac1fa4441b1b104fb8d17605fa6baf34c7d183d60994c4c0c,1569,0,342.02
train_05071.png,3f1b1ccbdde392cac1fa4441b1b104fb8d17605fa6baf34c7d183d60994c4c0c,1569,1,225.59
train_04983.png,3f28021355839a23ecec7fe3e3af3cc20daf9e1071408f21ddf4e2971d7fbc9b,1570,1,161.26
train_05012.png,3f28021355839a23ecec7fe3e3af3cc20daf9e1071408f21ddf4e2971d7fbc9b,1570,0,315.26
train_04161.png,3f4fda37f198ef30b04fc6946d0f1e1b8289ed9991e0717d44f91e19acbfdf3d,1573,1,288.15
train_05469.png,3f4fda37f198ef30b04fc6946d0f1e1b8289ed9991e0717d44f91e19acbfdf3d,1573,0,354.57
train_01971.png,3f6fe464630fafcadfe75f3dbeb13ea36c7a62a5fe9829447a0f41e9d4e107d9,1575,1,202.57
train_07741.png,3f6fe464630fafcadfe75f3dbeb13ea36c7a62a5fe9829447a0f41e9d4e107d9,1575,0,293.18
train_01057.png,3f75d060e5f1491ddb0b434d98872848b60cdb079152f17ae4471601e2af1381,1576,0,323.0
train_07600.png,3f75d060e5f1491ddb0b434d98872848b60cdb079152f17ae4471601e2af1381,1576,1,240.09
train_00882.png,3fb3621177d659e5cff8234bcc7a7d66219fa97c6f9a67b0c417d2d9ddc7b27e,1580,1,257.58
train_07502.png,3fb3621177d659e5cff8234bcc7a7d66219fa97c6f9a67b0c417d2d9ddc7b27e,1580,0,280.76
train_04039.png,3fd96dcb53065df6046f4880fef18cea14da88974ec5324f4de2b35ea8573522,1583,0,278.64
train_06424.png,3fd96dcb53065df6046f4880fef18cea14da88974ec5324f4de2b35ea8573522,1583,1,88.13
train_00143.png,3fe8cd08d7d2addd48fd7dd040b3ba63131c32a80222726b6f5292b29679453e,1584,1,346.35
train_01151.png,3fe8cd08d7d2addd48fd7dd040b3ba63131c32a80222726b6f5292b29679453e,1584,0,282.02
train_04858.png,405562d8f59b6c0b6e997a477d522b8c736dae3793770fb28123f66d2cc775bf,1590,0,335.04
train_05359.png,405562d8f59b6c0b6e997a477d522b8c736dae3793770fb28123f66d2cc775bf,1590,1,337.41
train_02347.png,4082e6372504fa2b5084b4ad9d0112401f96dcbae34392d4f4793431f74664af,1594,1,99.27
train_02537.png,4082e6372504fa2b5084b4ad9d0112401f96dcbae34392d4f4793431f74664af,1594,0,209.29
train_01801.png,410c44732c9f161b2b9eddea3ed277cbf6b10bf70be57855d566634e9784883b,1602,0,339.49
train_04560.png,410c44732c9f161b2b9eddea3ed277cbf6b10bf70be57855d566634e9784883b,1602,1,19.78
train_02279.png,4116a8765d1183b3d3c7486977e8db636a54179cb44d4ca6b7c0049f64629749,1603,0,343.46
train_07611.png,4116a8765d1183b3d3c7486977e8db636a54179cb44d4ca6b7c0049f64629749,1603,1,84.85
train_00329.png,419d18fc985c7446df606bf260b16188f62ba3ec238c44a006a11bdea349faae,1617,0,297.02
train_02998.png,419d18fc985c7446df606bf260b16188f62ba3ec238c44a006a11bdea349faae,1617,1,53.42
train_01234.png,419e1b2084990bbed86df6e3eae4f7b0b6c72471ad393e9b379016dacca279fa,1618,1,81.88
train_02978.png,419e1b2084990bbed86df6e3eae4f7b0b6c72471ad393e9b379016dacca279fa,1618,0,300.71
train_06257.png,4229cc7e81b33fa0c6ecc49c777fe1ebe756b3e8dbedc2d2b10466298e32039d,1625,1,310.16
train_07555.png,4229cc7e81b33fa0c6ecc49c777fe1ebe756b3e8dbedc2d2b10466298e32039d,1625,0,329.42
train_01107.png,4256b4f193859eabe626c9f2c0fd7b5706cbf98af6e5c255009af91dbb51e46e,1628,1,11.95
train_03274.png,4256b4f193859eabe626c9f2c0fd7b5706cbf98af6e5c255009af91dbb51e46e,1628,0,231.41
train_02126.png,42a0191609d5011c194d535485cc3b104e1b968f315265a160a47a0e381f4ee0,1636,0,272.49
train_02172.png,42a0191609d5011c194d535485cc3b104e1b968f315265a160a47a0e381f4ee0,1636,1,120.64
train_03711.png,42ebd48dc0c133ccb9a255a362a4433d84619cc86796d27a16ce477ecb95cc64,1641,0,336.44
train_07507.png,42ebd48dc0c133ccb9a255a362a4433d84619cc86796d27a16ce477ecb95cc64,1641,1,152.47
train_03268.png,433cc32d585a2ddd1af7f0ed63a78102289ba6fee9531320387e9c2c209c5e87,1650,1,274.06
train_05329.png,433cc32d585a2ddd1af7f0ed63a78102289ba6fee9531320387e9c2c209c5e87,1650,0,342.74
train_00771.png,43a9df55a87ad1f4f0ebb74d735e467f45b82061db2b7baa516492e6bfd8cd49,1663,0,291.65
train_06860.png,43a9df55a87ad1f4f0ebb74d735e467f45b82061db2b7baa516492e6bfd8cd49,1663,1,86.6
train_05545.png,43ba990889ce5ea3f0728484cdbe0c149ed8da916869abdda634e3a58e89b240,1665,0,350.55
train_05753.png,43ba990889ce5ea3f0728484cdbe0c149ed8da916869abdda634e3a58e89b240,1665,1,150.93
train_01954.png,445f7660bf4dda6f583311a7eef17a52c3a393430c2e75ddbe0adba8dfa296b1,1680,0,285.37
train_03574.png,445f7660bf4dda6f583311a7eef17a52c3a393430c2e75ddbe0adba8dfa296b1,1680,1,315.47
train_02410.png,44945b89acba9869ae9de44af1facf89c7803d60e6a4a8fadaff76dd6b7b7562,1686,0,272.69
train_07623.png,44945b89acba9869ae9de44af1facf89c7803d60e6a4a8fadaff76dd6b7b7562,1686,1,127.67
train_01241.png,4495ef1a62f857f174e581d6828bd6b66d9314d3edfafb2aac88612431004acf,1687,0,306.55
train_04850.png,4495ef1a62f857f174e581d6828bd6b66d9314d3edfafb2aac88612431004acf,1687,1,91.25
train_00214.png,44c14c60f9fd89d55034bbeb2739fdfcee81b0048c12cebbebb30b6f7abc98cc,1690,1,173.86
train_03644.png,44c14c60f9fd89d55034bbeb2739fdfcee81b0048c12cebbebb30b6f7abc98cc,1690,0,337.85
train_01196.png,44df80b8b2337ceb3e17be8d9468dfd0f40ed0e238809f6bd51e0580dc928d6c,1694,1,270.37
train_05152.png,44df80b8b2337ceb3e17be8d9468dfd0f40ed0e238809f6bd51e0580dc928d6c,1694,0,284.87
train_00196.png,44e5b6dc6e044739433a073d53578db1065082c79161a1632913ee70de804317,1696,1,18.13
train_04289.png,44e5b6dc6e044739433a073d53578db1065082c79161a1632913ee70de804317,1696,0,314.41
train_04103.png,46a4a340b529a9b82c596f3a7bda275b3ea41dc2c414813969b0cf0415645253,1740,1,95.93
train_07668.png,46a4a340b529a9b82c596f3a7bda275b3ea41dc2c414813969b0cf0415645253,1740,0,318.61
train_00964.png,46b140c6fe9a47433e7c8acdf8357b40ca6d20638cc1cc1c0faaccbf7ebd33d2,1742,0,345.45
train_07658.png,46b140c6fe9a47433e7c8acdf8357b40ca6d20638cc1cc1c0faaccbf7ebd33d2,1742,1,25.01
train_01471.png,46d51136c35b01eabae0c545bd586eeeb65fd48b5f14327ddad132ceafe48e5c,1744,0,348.51
train_01570.png,46d51136c35b01eabae0c545bd586eeeb65fd48b5f14327ddad132ceafe48e5c,1744,1,30.68
train_02494.png,4707b519d41a39cc638629ad87700ac2dc9c506f51224443fb019b5cc9d52508,1748,1,231.71
train_07380.png,4707b519d41a39cc638629ad87700ac2dc9c506f51224443fb019b5cc9d52508,1748,0,332.0
train_02985.png,471d5fa6bdde264ed46b7c6382cc4923b4bc0e23ac73bfe5613b60c10936981c,1750,1,237.42
train_03684.png,471d5fa6bdde264ed46b7c6382cc4923b4bc0e23ac73bfe5613b60c10936981c,1750,0,343.23
train_01566.png,47cf58890a1e883aa7b99af5c9a5d9e0b59bea4aede3f542757510cc7b8f512c,1770,0,313.21
train_04154.png,47cf58890a1e883aa7b99af5c9a5d9e0b59bea4aede3f542757510cc7b8f512c,1770,1,220.78
train_02331.png,47d3b535f3331d83b80ced7d7e142f0e6c61955d2030e0e8f8fdef78e1defb61,1772,1,190.37
train_07852.png,47d3b535f3331d83b80ced7d7e142f0e6c61955d2030e0e8f8fdef78e1defb61,1772,0,312.13
train_00169.png,47f5e144c78c00c25f476825ddcc914e3e1682cf7dbc270384185f804c17204a,1775,1,180.36
train_07619.png,47f5e144c78c00c25f476825ddcc914e3e1682cf7dbc270384185f804c17204a,1775,0,115.39
train_00131.png,4801423faca1f5b579267e87f37817a936dc6a53b19be124a913befe9d4dac11,1779,0,273.97
train_00961.png,4801423faca1f5b579267e87f37817a936dc6a53b19be124a913befe9d4dac11,1779,1,243.27
train_05146.png,48187496d834b53530dfbcd8a78e58f3e6dff9ef212e96ce3e51fa59f82987cb,1781,0,344.24
train_06022.png,48187496d834b53530dfbcd8a78e58f3e6dff9ef212e96ce3e51fa59f82987cb,1781,1,35.47
train_01511.png,4819c7dc35536923e0a671b47b9782e7cd8eae44551efcea740301a792074c57,1782,1,53.38
train_05413.png,4819c7dc35536923e0a671b47b9782e7cd8eae44551efcea740301a792074c57,1782,0,289.01
train_04682.png,483cb758d010453473c9379e9b803c23ed9dfc8f4913e8f53c1818f6070aa3bf,1789,0,312.45
train_05252.png,483cb758d010453473c9379e9b803c23ed9dfc8f4913e8f53c1818f6070aa3bf,1789,1,300.69
train_00100.png,4841543f153ddff2ba248bd32e114c342f359c2a176733c5be240528634da7fb,1790,0,321.88
train_07615.png,4841543f153ddff2ba248bd32e114c342f359c2a176733c5be240528634da7fb,1790,1,61.2
train_00450.png,484e5628ebb1d448083694d3503ed67cc703038a7d55967dd178b9e8d7e73a55,1792,0,357.01
train_05399.png,484e5628ebb1d448083694d3503ed67cc703038a7d55967dd178b9e8d7e73a55,1792,1,172.5
train_04034.png,48561d51bb38fc5d4cdf5117fd1297098a7cc2ebbe180c00e9140d9b17bbe875,1793,0,298.32
train_05095.png,48561d51bb38fc5d4cdf5117fd1297098a7cc2ebbe180c00e9140d9b17bbe875,1793,1,63.8
train_03225.png,486255b8a7f0830c13e171bdcca9de30f33481b9faf2291b1c90065c5f9efe59,1794,1,45.55
train_03536.png,486255b8a7f0830c13e171bdcca9de30f33481b9faf2291b1c90065c5f9efe59,1794,0,287.52
train_00454.png,486b1c377744febf0954125bd6e12df09d78a48cc67257184ea0daf9ab9bdb99,1796,1,343.29
train_06449.png,486b1c377744febf0954125bd6e12df09d78a48cc67257184ea0daf9ab9bdb99,1796,0,348.6
train_03139.png,48700eaaef0b27b08571ccb6e67dff676136d83aedd5e24505a7ec22b8e69551,1797,0,306.21
train_03443.png,48700eaaef0b27b08571ccb6e67dff676136d83aedd5e24505a7ec22b8e69551,1797,1,91.53
train_02701.png,487383ae7aa1141304a519b4994f9f1228c7a04b69a71398c31333193391f171,1798,1,249.75
train_07568.png,487383ae7aa1141304a519b4994f9f1228c7a04b69a71398c31333193391f171,1798,0,188.82
train_01025.png,48c0ed5773a58814b7d6b7be6c27cc2ad37c4b4508e9eb5988904d5a52d67ce6,1807,0,107.33
train_06590.png,48c0ed5773a58814b7d6b7be6c27cc2ad37c4b4508e9eb5988904d5a52d67ce6,1807,1,18.93
train_00755.png,48fd4273525107accc6ad88ba183950c8d99913ad33395e93724aa834f33eea4,1811,1,12.66
train_03413.png,48fd4273525107accc6ad88ba183950c8d99913ad33395e93724aa834f33eea4,1811,0,57.73
train_00820.png,493b7f4941310e04db3fd37aa0d5d9186de5ece7b54366840317b1105b719d58,1816,1,316.46
train_04873.png,493b7f4941310e04db3fd37aa0d5d9186de5ece7b54366840317b1105b719d58,1816,0,75.89
train_01823.png,4958810ac628b3974bef873f7871a96a066e862a90a2832b1f669f57e840422f,1819,0,320.7
train_07663.png,4958810ac628b3974bef873f7871a96a066e862a90a2832b1f669f57e840422f,1819,1,298.49
train_02444.png,495c2a4aa3fbfb587dd0f8fcdb250bdaf95414dfb5e19e89dacaf6a2ee946d15,1820,0,273.16
train_04750.png,495c2a4aa3fbfb587dd0f8fcdb250bdaf95414dfb5e19e89dacaf6a2ee946d15,1820,1,258.76
train_00208.png,4993ce48e86a65b128e27ad3e7dd16a7d979e449936ef4256b3835fabda3bac1,1826,0,277.64
train_03070.png,4993ce48e86a65b128e27ad3e7dd16a7d979e449936ef4256b3835fabda3bac1,1826,1,344.98
train_04660.png,49f4e55bffcef74dcde6462bcab36202e85c3a60392658656ba589efce68127b,1838,1,218.22
train_05155.png,49f4e55bffcef74dcde6462bcab36202e85c3a60392658656ba589efce68127b,1838,0,277.12
train_04685.png,49f65b07bd1f522642115a5d6d8450e6d910e2a5ed1b5f26989c75ac2887700d,1839,0,322.59
train_07352.png,49f65b07bd1f522642115a5d6d8450e6d910e2a5ed1b5f26989c75ac2887700d,1839,1,66.25
train_03054.png,4a0809798160caf4d5c55e0519823eb02a255049cc3387da89dc07ec273d1002,1844,0,332.54
train_05393.png,4a0809798160caf4d5c55e0519823eb02a255049cc3387da89dc07ec273d1002,1844,1,146.74
train_02107.png,4aa6eef4923cc6b31c3a624c8147f0931f2444a54d8e47df5b9e11f45f1690b6,1850,0,353.16
train_06688.png,4aa6eef4923cc6b31c3a624c8147f0931f2444a54d8e47df5b9e11f45f1690b6,1850,1,279.41
train_04775.png,4b1455782505c5d63d62833a819517cac341457c763013f8c9af55251113a22f,1857,1,278.31
train_07375.png,4b1455782505c5d63d62833a819517cac341457c763013f8c9af55251113a22f,1857,0,346.76
train_01209.png,4b2d57338cd41e11afaa96386327f81ac4fca66f81f6cc56bd77228d059c71bf,1859,1,212.48
train_06570.png,4b2d57338cd41e11afaa96386327f81ac4fca66f81f6cc56bd77228d059c71bf,1859,0,322.49
train_00209.png,4b3718cda81ba3d7acfcb3fac8ff9b52ee674b27b4fcfaaafbf836ebb56f01ff,1861,1,301.22
train_03539.png,4b3718cda81ba3d7acfcb3fac8ff9b52ee674b27b4fcfaaafbf836ebb56f01ff,1861,0,354.96
train_00706.png,4be53730045069040214b4f0b7a0b09792c0b1dc47a7092dbffe3f0d7ded1d21,1872,0,346.03
train_00949.png,4be53730045069040214b4f0b7a0b09792c0b1dc47a7092dbffe3f0d7ded1d21,1872,1,165.72
train_01960.png,4c3dc5756dc20b63248296dbb5ebfcd7d73f2ea5f590affba41f4ac8981d1cbf,1880,1,168.12
train_04108.png,4c3dc5756dc20b63248296dbb5ebfcd7d73f2ea5f590affba41f4ac8981d1cbf,1880,0,318.45
train_06616.png,4c8d9aa4e41084846b3e9905c7789094d85addcadf5b76bdd356f34b17ed9933,1886,0,16.11
train_07141.png,4c8d9aa4e41084846b3e9905c7789094d85addcadf5b76bdd356f34b17ed9933,1886,1,333.7
train_01945.png,4caa9ee19e646caa3b737f4c7680380e44a6de6438cd36fb01d488bb81a9ce3e,1889,1,87.64
train_06959.png,4caa9ee19e646caa3b737f4c7680380e44a6de6438cd36fb01d488bb81a9ce3e,1889,0,177.57
train_00621.png,4d48546b4a6df8d6d2ced7f5f01f467c982e713bb82948aa162d6e1968108dc0,1897,0,313.68
train_05380.png,4d48546b4a6df8d6d2ced7f5f01f467c982e713bb82948aa162d6e1968108dc0,1897,1,193.43
train_03559.png,4d5ca8d64fc58305cec46e3bd4ccb42e0fc4082e135cf88f158d6bd0874413ff,1898,1,257.56
train_04505.png,4d5ca8d64fc58305cec46e3bd4ccb42e0fc4082e135cf88f158d6bd0874413ff,1898,0,321.66
train_02243.png,4d5d6fb65e6710e0b4cb6fabed3319bdd9c909642cac9b297bfbab74ff41bb98,1899,1,135.41
train_04711.png,4d5d6fb65e6710e0b4cb6fabed3319bdd9c909642cac9b297bfbab74ff41bb98,1899,0,326.19
train_03687.png,4d61eb5a9b1cb92203eb4fc25d726c4711230c928cb00428ce9c0b590797c16b,1900,1,17.75
train_04864.png,4d61eb5a9b1cb92203eb4fc25d726c4711230c928cb00428ce9c0b590797c16b,1900,0,337.79
train_02041.png,4daa05fa1332bb1c30d3374079dd2181e35413f66ef1cc6973f5fc18a745da05,1902,1,150.67
train_04870.png,4daa05fa1332bb1c30d3374079dd2181e35413f66ef1cc6973f5fc18a745da05,1902,0,322.83
train_05589.png,4de8ca5755815ce0b0948ad646d93a3c7d352d703e46a1f1fb6197ffcd68c6fc,1905,0,279.52
train_07009.png,4de8ca5755815ce0b0948ad646d93a3c7d352d703e46a1f1fb6197ffcd68c6fc,1905,1,174.8
train_06117.png,4e26a47da17f4eaa9110300ea1147f09b30470b2a31a78e0d3db377f5389dff8,1913,0,130.75
train_06368.png,4e26a47da17f4eaa9110300ea1147f09b30470b2a31a78e0d3db377f5389dff8,1913,1,205.97
train_01868.png,4e2f138ea86748ba488df3bf16deef4300eb573a56c4853e212ee0199736d28c,1914,0,299.8
train_06972.png,4e2f138ea86748ba488df3bf16deef4300eb573a56c4853e212ee0199736d28c,1914,1,196.56
train_00954.png,4e36849631d9cd2a5ba281929b0c821e71785daffa732e6bcfc02625c04a6003,1915,0,357.89
train_01507.png,4e36849631d9cd2a5ba281929b0c821e71785daffa732e6bcfc02625c04a6003,1915,1,247.91
train_06169.png,4e41b1963e63c1ffbdc7f81a82183d0315ee4e6d4664c29d0f596fe48a67658f,1921,1,306.19
train_06240.png,4e41b1963e63c1ffbdc7f81a82183d0315ee4e6d4664c29d0f596fe48a67658f,1921,0,278.64
train_04265.png,4e6c675bc23b4dc1ca6b84efa80cd7bd698e99248f8e5f8a6783c04d5493e12a,1927,1,74.99
train_06000.png,4e6c675bc23b4dc1ca6b84efa80cd7bd698e99248f8e5f8a6783c04d5493e12a,1927,0,350.3
train_04546.png,4e739d7acea1c00d485588ef39d60044e82b1d7ea69acbd2b7ab32a055e66dfc,1929,1,199.06
train_06047.png,4e739d7acea1c00d485588ef39d60044e82b1d7ea69acbd2b7ab32a055e66dfc,1929,0,340.53
train_02773.png,4eb73ce595f2d983419b93b2f9d6c27d65aaae2831bf63cb6045e88440fc7c15,1936,1,23.63
train_07245.png,4eb73ce595f2d983419b93b2f9d6c27d65aaae2831bf63cb6045e88440fc7c15,1936,0,205.42
train_02770.png,4ee8f8205ef3a5f9cffca5abc76441738b52b412cd60c18ae7260c8d31d604fc,1941,1,185.24
train_04466.png,4ee8f8205ef3a5f9cffca5abc76441738b52b412cd60c18ae7260c8d31d604fc,1941,0,338.67
train_03634.png,4eea31545910ea74e184952f067e3a67d279550e2f4b7abe674343d1338ad625,1942,0,359.5
train_05882.png,4eea31545910ea74e184952f067e3a67d279550e2f4b7abe674343d1338ad625,1942,1,46.47
train_00789.png,4f52176ee26bec1cb2648bfca04649c47fa4bc072b0eeab77d3b78278804424b,1949,1,99.84
train_02063.png,4f52176ee26bec1cb2648bfca04649c47fa4bc072b0eeab77d3b78278804424b,1949,0,339.12
train_00826.png,4f6c8cd7ddeddf7098aac68523e74c19aeebed6a369d66d978b7e5cf97f150f2,1951,1,60.44
train_02841.png,4f6c8cd7ddeddf7098aac68523e74c19aeebed6a369d66d978b7e5cf97f150f2,1951,0,339.76
train_01898.png,4f7e473dbbdca61d2248b53595b04779e51250e9fa441bedda2dcae9f7742154,1954,0,219.09
train_03753.png,4f7e473dbbdca61d2248b53595b04779e51250e9fa441bedda2dcae9f7742154,1954,1,186.0
train_00703.png,5054c7c601ef8f7daadeeb4a46e254856293f5990d51e465427c2c1bb293897a,1970,1,61.79
train_06838.png,5054c7c601ef8f7daadeeb4a46e254856293f5990d51e465427c2c1bb293897a,1970,0,307.63
train_01672.png,50680adb69df63975786d0afdd35e60df9a31be88e3c631eadfa2f7647b24a85,1974,0,73.46
train_07488.png,50680adb69df63975786d0afdd35e60df9a31be88e3c631eadfa2f7647b24a85,1974,1,335.06
train_03019.png,509c9e5af03c43fdede7da4619b5a84e05edbcba2d23c5de6c32ce849e9304cf,1981,1,227.5
train_07785.png,509c9e5af03c43fdede7da4619b5a84e05edbcba2d23c5de6c32ce849e9304cf,1981,0,359.71
train_02127.png,50b8cb6b1e5c55da1cc23d93fe5ac76960685bd9fcb167b909d6c93ee47cb919,1986,1,244.21
train_06173.png,50b8cb6b1e5c55da1cc23d93fe5ac76960685bd9fcb167b909d6c93ee47cb919,1986,0,280.93
train_03368.png,5100b6a6df8b343b0e490e4bf71acfb2db1922b817814779fcb5ebc058772f9c,1992,0,297.78
train_05724.png,5100b6a6df8b343b0e490e4bf71acfb2db1922b817814779fcb5ebc058772f9c,1992,1,302.84
train_05610.png,5112e8a707e31b016f06042f9473474fc3f0fe0f26df3e633cd76f1aacabc15f,1993,0,289.53
train_05954.png,5112e8a707e31b016f06042f9473474fc3f0fe0f26df3e633cd76f1aacabc15f,1993,1,103.46
train_05076.png,5184d32bad41790d3ab6da6a9a9fb7a85821bcf6b31704cb28d0df3bc5f17189,2002,0,300.45
train_06158.png,5184d32bad41790d3ab6da6a9a9fb7a85821bcf6b31704cb28d0df3bc5f17189,2002,1,85.43
train_03885.png,51bcf6245521ad6e684b17195ec24ce2794a335cf140f5c64ddf06ce0c8f533d,2004,0,124.43
train_03891.png,51bcf6245521ad6e684b17195ec24ce2794a335cf140f5c64ddf06ce0c8f533d,2004,1,253.48
train_01940.png,51be819371d1538095f47ac69694083aabb8b9a74a301f83b30e1d920eea2b70,2005,0,326.72
train_07225.png,51be819371d1538095f47ac69694083aabb8b9a74a301f83b30e1d920eea2b70,2005,1,186.06
train_02578.png,51de588050c8bdacfae97cf7413c05040309980a7187806a63ece16b3a4a19b3,2008,0,339.63
train_03853.png,51de588050c8bdacfae97cf7413c05040309980a7187806a63ece16b3a4a19b3,2008,1,67.78
train_01349.png,52512362e41fa75ffdf621bf1b02a76b452ce1142cfe70c18103c96830fb5410,2021,1,335.11
train_03468.png,52512362e41fa75ffdf621bf1b02a76b452ce1142cfe70c18103c96830fb5410,2021,0,307.31
train_01031.png,527d8df75276eaf416efe4ca270e1d544b7e81e276926a583c69ff0fff624831,2028,1,282.89
train_03297.png,527d8df75276eaf416efe4ca270e1d544b7e81e276926a583c69ff0fff624831,2028,0,312.5
train_02271.png,52a7de39a96b37e21a8b554a5edb7ed4867dbfe89fb095dc61a1bd876bfb101a,2032,1,46.49
train_04433.png,52a7de39a96b37e21a8b554a5edb7ed4867dbfe89fb095dc61a1bd876bfb101a,2032,0,224.19
train_00130.png,52c28d31daa6babac6f53de2f654157bac9a8a2652b23665653d96e624ea3cb4,2037,0,346.34
train_03236.png,52c28d31daa6babac6f53de2f654157bac9a8a2652b23665653d96e624ea3cb4,2037,1,241.17
train_01003.png,52cc683faffb5bb70e8c11740d2b103d38c8ffa6e4c7fb3cd4f8429bb9107e85,2039,0,318.57
train_04139.png,52cc683faffb5bb70e8c11740d2b103d38c8ffa6e4c7fb3cd4f8429bb9107e85,2039,1,182.22
train_04928.png,52e56f0f51da21db31ee0851f13d9c8df1534a766e78c9a748816cfa36e39e68,2041,0,354.48
train_06943.png,52e56f0f51da21db31ee0851f13d9c8df1534a766e78c9a748816cfa36e39e68,2041,1,202.06
train_03612.png,5304ef4e70d082a93b0bccb9d8d2e5e135bc02ec722bb0cb791fe77945058724,2046,1,41.93
train_03726.png,5304ef4e70d082a93b0bccb9d8d2e5e135bc02ec722bb0cb791fe77945058724,2046,0,205.27
train_06071.png,534ab7ecad620aab1a6a55dae0a2e5c94d9df637186a238a8feabe7a3b73e21c,2050,1,211.0
train_07531.png,534ab7ecad620aab1a6a55dae0a2e5c94d9df637186a238a8feabe7a3b73e21c,2050,0,339.47
train_00972.png,53965beac939c8919931833916b4756c7bbd8982b43be8f5ea1f0633f562d82d,2059,1,287.1
train_06067.png,53965beac939c8919931833916b4756c7bbd8982b43be8f5ea1f0633f562d82d,2059,0,310.88
train_00036.png,53bfbf4ce9016417b851159089153237c521fdf90ecb55c0e15b7d66db514cf8,2062,0,312.04
train_06097.png,53bfbf4ce9016417b851159089153237c521fdf90ecb55c0e15b7d66db514cf8,2062,1,329.28
train_02131.png,53e715f94973464715df28528b64ef32791f617ff7e66da3c304ff917f702a48,2068,1,182.16
train_03068.png,53e715f94973464715df28528b64ef32791f617ff7e66da3c304ff917f702a48,2068,0,274.38
train_01145.png,53e8165b3804e1a96f0eb95d296699963720a34aa0604184055a1331e0be307f,2069,1,248.1
train_07112.png,53e8165b3804e1a96f0eb95d296699963720a34aa0604184055a1331e0be307f,2069,0,221.87
train_05291.png,543d1cdf18069dbe6dab9dccf41ed5170b59966683e7a74de5ed38d3b2fb43a7,2076,1,178.5
train_05713.png,543d1cdf18069dbe6dab9dccf41ed5170b59966683e7a74de5ed38d3b2fb43a7,2076,0,294.28
train_01345.png,54558647c0bcc584276e4bb187f58df05053b4dda420c5b20d4b017b87b76ab9,2079,0,300.3
train_02771.png,54558647c0bcc584276e4bb187f58df05053b4dda420c5b20d4b017b87b76ab9,2079,1,303.25
train_01240.png,54749fccfbd928f0e54dbb245cda466a066149d5d841217e9801080717abc408,2082,0,344.45
train_03058.png,54749fccfbd928f0e54dbb245cda466a066149d5d841217e9801080717abc408,2082,1,175.06
train_02078.png,5475c2aa54caf1c6a2d7130fefe0a3c532c0fbcd4f46db21cdaba39c0fdcfea2,2083,1,96.85
train_02278.png,5475c2aa54caf1c6a2d7130fefe0a3c532c0fbcd4f46db21cdaba39c0fdcfea2,2083,0,328.49
train_07487.png,54f7f1696299bcb12a042aa256867cb91b1d1b5ee88c355cca408ea8415e5aac,2098,0,289.33
train_07690.png,54f7f1696299bcb12a042aa256867cb91b1d1b5ee88c355cca408ea8415e5aac,2098,1,231.39
train_00989.png,5502cdd0ed8754c85cf6ee88170c344d356206f03044970a724108ddc0b5ed97,2100,1,136.08
train_04668.png,5502cdd0ed8754c85cf6ee88170c344d356206f03044970a724108ddc0b5ed97,2100,0,334.77
train_03967.png,5537c29096c83fe0cd1e08ec69cca68f3cda7323659f4e55fd2b6a352d4cfe42,2108,0,278.03
train_06950.png,5537c29096c83fe0cd1e08ec69cca68f3cda7323659f4e55fd2b6a352d4cfe42,2108,1,172.04
train_01521.png,556685ad8e7e2ba4309b51d83bc37e7bfea26019293cc5b0ce709e5bcf9cb0c8,2111,1,330.99
train_04054.png,556685ad8e7e2ba4309b51d83bc37e7bfea26019293cc5b0ce709e5bcf9cb0c8,2111,0,301.99
train_02626.png,55994cf985537037777edcf02004ba752da3162407f3f147a377cd85e751f687,2117,0,295.22
train_03092.png,55994cf985537037777edcf02004ba752da3162407f3f147a377cd85e751f687,2117,1,93.06
train_00153.png,55aebe66cddb39468a8f2a965d0834881f0ec91d4a187c3a9fdbb4b7e0dbaf5e,2121,1,329.45
train_04553.png,55aebe66cddb39468a8f2a965d0834881f0ec91d4a187c3a9fdbb4b7e0dbaf5e,2121,0,298.81
train_02262.png,55c068372633e25094718080b3199a6d978308561c5dc234e287386de135e205,2123,0,315.47
train_02945.png,55c068372633e25094718080b3199a6d978308561c5dc234e287386de135e205,2123,1,68.12
train_01309.png,56294af55010c940dff3e765e8ab56bda509189304a49a3419619bd1b6a73ddd,2133,1,7.32
train_06702.png,56294af55010c940dff3e765e8ab56bda509189304a49a3419619bd1b6a73ddd,2133,0,274.48
train_04186.png,5635a7d4a4e344dbf4dabe738c599d23d7aff53e560b51493e30cef84fe48184,2135,0,308.13
train_07633.png,5635a7d4a4e344dbf4dabe738c599d23d7aff53e560b51493e30cef84fe48184,2135,1,104.38
train_03142.png,5660900b61870dc729ea6eb55fdab4c3d93aebe8a66f8552639a9e62eaf1526c,2139,0,352.78
train_07031.png,5660900b61870dc729ea6eb55fdab4c3d93aebe8a66f8552639a9e62eaf1526c,2139,1,167.46
train_03682.png,56e2a6cd3e9fc36f0dca43dbb15b24fe0ed3c26e535c226c83ae3f62083e8e0c,2154,0,344.93
train_04313.png,56e2a6cd3e9fc36f0dca43dbb15b24fe0ed3c26e535c226c83ae3f62083e8e0c,2154,1,283.0
train_06083.png,57061fc90ed971f7a70dbd39ab63f1c82b952dda48888a9bf6daf9cf007c2c83,2156,1,15.95
train_06531.png,57061fc90ed971f7a70dbd39ab63f1c82b952dda48888a9bf6daf9cf007c2c83,2156,0,7.97
train_01867.png,5724fae8c04db9e233d5f80dcd15e22e54e113d7b1c3fdc87ef44bab792c855f,2158,1,285.16
train_04519.png,5724fae8c04db9e233d5f80dcd15e22e54e113d7b1c3fdc87ef44bab792c855f,2158,0,201.56
train_06428.png,578414412287af1e6fadb8cf08fec6feec529ce4e0cb90edd1d1bebd1c1517fe,2170,0,353.25
train_06814.png,578414412287af1e6fadb8cf08fec6feec529ce4e0cb90edd1d1bebd1c1517fe,2170,1,137.21
train_00823.png,57bdf0e9b2c6218967cba6c4a99f248f0933ac48d25db1eb25d97b15ac53d4de,2174,1,279.83
train_02008.png,57bdf0e9b2c6218967cba6c4a99f248f0933ac48d25db1eb25d97b15ac53d4de,2174,0,112.22
train_00910.png,57bf40304a6554c122cc49cfd689c7512e776b078866ddc2c2723dae1d8ea401,2175,1,306.28
train_01529.png,57bf40304a6554c122cc49cfd689c7512e776b078866ddc2c2723dae1d8ea401,2175,0,315.33
train_06285.png,57fc4be68a53d40b8962bc15e22e04984a85e163d86dcc28c887c33fe2e1b281,2180,1,215.56
train_06881.png,57fc4be68a53d40b8962bc15e22e04984a85e163d86dcc28c887c33fe2e1b281,2180,0,299.44
train_04960.png,58196e259c4eaf3d7ddb0b6d6d901dd23370d4d90d33bd605f6fbb17e13d5828,2185,0,297.94
train_05109.png,58196e259c4eaf3d7ddb0b6d6d901dd23370d4d90d33bd605f6fbb17e13d5828,2185,1,172.33
train_02709.png,5824fad4d6e75002ff3a5a4a3e2fb6d40d0cf2dfd935ff983a307d53cac44c02,2187,1,205.34
train_07323.png,5824fad4d6e75002ff3a5a4a3e2fb6d40d0cf2dfd935ff983a307d53cac44c02,2187,0,354.96
train_01614.png,5860a6d6ce8418e0ac0892fdbf1c75af2e371ee35f36e6184096d5dd69593dea,2193,1,25.05
train_05110.png,5860a6d6ce8418e0ac0892fdbf1c75af2e371ee35f36e6184096d5dd69593dea,2193,0,64.45
train_06484.png,5878cd9518a2c3f12f2672433bad49f5d27ea8e4a3c7e757496b55be71286974,2196,0,273.96
train_07696.png,5878cd9518a2c3f12f2672433bad49f5d27ea8e4a3c7e757496b55be71286974,2196,1,7.62
train_03218.png,5895228e1c4ab1507b5ec99f4a1da1034fbd87266cebabe963998bf832b9d604,2200,1,331.88
train_05353.png,5895228e1c4ab1507b5ec99f4a1da1034fbd87266cebabe963998bf832b9d604,2200,0,292.43
train_04164.png,58ad867266c49636523d13bd418733a30cfcac271b20dfffdcdce80807d91434,2203,0,332.77
train_04227.png,58ad867266c49636523d13bd418733a30cfcac271b20dfffdcdce80807d91434,2203,1,206.55
train_02155.png,58c8b5ac8df1e74a77b7f4d682c10cf0285f1f618acae8700967ea43c18780f3,2206,0,287.79
train_03778.png,58c8b5ac8df1e74a77b7f4d682c10cf0285f1f618acae8700967ea43c18780f3,2206,1,293.05
train_02852.png,58e55cfbed0105550f4e38d448246f34fbd6a1f8a48d54312f1b137a535ddcf0,2208,0,287.67
train_04427.png,58e55cfbed0105550f4e38d448246f34fbd6a1f8a48d54312f1b137a535ddcf0,2208,1,105.0
train_05209.png,59201dd9bc669256ebcc4d19fca3a9a8aad199949a1526319bfbb0d03811b95d,2219,0,356.39
train_07098.png,59201dd9bc669256ebcc4d19fca3a9a8aad199949a1526319bfbb0d03811b95d,2219,1,290.13
train_03804.png,5952030148e2daa05d5ed6700deda4e111b8d32f2b62b11d8cd158ef789a26d6,2228,0,163.5
train_04899.png,5952030148e2daa05d5ed6700deda4e111b8d32f2b62b11d8cd158ef789a26d6,2228,1,245.22
train_02500.png,595b353ff2379720ecba38150d35c6652577eecc4d3626c181ab976d12cec64f,2230,1,293.7
train_05885.png,595b353ff2379720ecba38150d35c6652577eecc4d3626c181ab976d12cec64f,2230,0,33.72
train_01367.png,59626bc5d4e87630626702aa4650c40c45063f2bcb6614a7943fc1a99bf73566,2232,0,319.57
train_05085.png,59626bc5d4e87630626702aa4650c40c45063f2bcb6614a7943fc1a99bf73566,2232,1,81.68
train_03086.png,597b27b9dac4b40f31cbbbb20fc0b5d026bcc73195aca354d946ac43c81eb951,2236,0,341.68
train_07260.png,597b27b9dac4b40f31cbbbb20fc0b5d026bcc73195aca354d946ac43c81eb951,2236,1,71.14
train_03266.png,599b9c6878c6c2a842934c71ae1c714b17ecced0807eb2275412cd59fc0e8246,2237,0,274.43
train_06917.png,599b9c6878c6c2a842934c71ae1c714b17ecced0807eb2275412cd59fc0e8246,2237,1,345.21
train_02642.png,59a1cb67dd72826abf08639e3a517be4bfa34c9dcd849f95718ac43d73c6ba12,2239,0,315.6
train_06094.png,59a1cb67dd72826abf08639e3a517be4bfa34c9dcd849f95718ac43d73c6ba12,2239,1,91.17
train_00186.png,59aedf7c72f193e2c4ec68e8bf5d3252f28f7da0b445a0a7a2696ee0c9b4fc67,2240,0,358.99
train_05486.png,59aedf7c72f193e2c4ec68e8bf5d3252f28f7da0b445a0a7a2696ee0c9b4fc67,2240,1,329.29
train_03291.png,5a079c4eebce250d26ae578be9de36cd29346e7f8690e64006f184a045f16841,2248,1,126.06
train_05716.png,5a079c4eebce250d26ae578be9de36cd29346e7f8690e64006f184a045f16841,2248,0,310.38
train_03107.png,5a07fc0db5831c1037dd18d2bb9cfdf2bfdc502c214a03ce6f465d77ad8838d4,2249,1,270.03
train_05192.png,5a07fc0db5831c1037dd18d2bb9cfdf2bfdc502c214a03ce6f465d77ad8838d4,2249,0,356.09
train_04298.png,5a2f35b07178619bc8f75640e6cea753ac687a9f0c4966c779f4efabbde8ef7d,2251,0,337.84
train_04853.png,5a2f35b07178619bc8f75640e6cea753ac687a9f0c4966c779f4efabbde8ef7d,2251,1,213.16
train_04725.png,5a74f0e83ce945fa931655eb79630003db15a35926e99bdfc6f38a8bdb207dd5,2255,1,42.72
train_05780.png,5a74f0e83ce945fa931655eb79630003db15a35926e99bdfc6f38a8bdb207dd5,2255,0,341.01
train_00889.png,5ab41a4257e0747a07b576b71ad911f83d39c7a934c6330da4e1d122921bf651,2263,1,122.28
train_06852.png,5ab41a4257e0747a07b576b71ad911f83d39c7a934c6330da4e1d122921bf651,2263,0,123.52
train_06550.png,5b1a54088812601b82189a9072845554f712f54a4159d06ed0864aedaed501b5,2271,0,277.97
train_06639.png,5b1a54088812601b82189a9072845554f712f54a4159d06ed0864aedaed501b5,2271,1,39.72
train_04702.png,5b1ddebc02d0c6f5d4117fbf02eab0cf132586ec49ae52f8592bc141a687cad2,2272,1,97.62
train_06396.png,5b1ddebc02d0c6f5d4117fbf02eab0cf132586ec49ae52f8592bc141a687cad2,2272,0,319.03
train_00297.png,5b68c2ebdda7722825cda0a54504aa05f9048ca123364ba41e486f2950cea867,2277,0,342.28
train_05992.png,5b68c2ebdda7722825cda0a54504aa05f9048ca123364ba41e486f2950cea867,2277,1,25.82
train_00548.png,5b83e2202dbbd6bcf2bcc4b172ded979101461e7e39d4e33347e24be52e05d60,2279,1,50.5
train_01265.png,5b83e2202dbbd6bcf2bcc4b172ded979101461e7e39d4e33347e24be52e05d60,2279,0,319.72
train_00127.png,5bf77dfe70a3121322264359e3c03324449de341b8c01c2867f6e8a8555542a6,2286,1,348.88
train_04491.png,5bf77dfe70a3121322264359e3c03324449de341b8c01c2867f6e8a8555542a6,2286,0,40.95
train_00534.png,5c1c9029ec49b39430a2cae1da67f9d71c595b5e848863b446ab6d76a5d7869f,2289,0,13.2
train_06039.png,5c1c9029ec49b39430a2cae1da67f9d71c595b5e848863b446ab6d76a5d7869f,2289,1,30.95
train_03029.png,5c1ddd94e8d660f84000b91911b9f2ed4120ac8e23e1a462cd005853bcb196a0,2290,0,241.81
train_05208.png,5c1ddd94e8d660f84000b91911b9f2ed4120ac8e23e1a462cd005853bcb196a0,2290,1,351.51
train_00939.png,5c2d70e41db794c76c6f7dcfb8219f5ab450ff41d56bee10cabd7dd4f5a1ac22,2291,0,284.97
train_02942.png,5c2d70e41db794c76c6f7dcfb8219f5ab450ff41d56bee10cabd7dd4f5a1ac22,2291,1,314.89
train_02152.png,5c6939c2b31ee7c8e0e10bf72bdce01a91cef2e6dc19e87ab976f0e75b3ab91a,2300,1,339.54
train_05392.png,5c6939c2b31ee7c8e0e10bf72bdce01a91cef2e6dc19e87ab976f0e75b3ab91a,2300,0,347.62
train_01149.png,5c96953e4acdbecc9dde081795182ab2bdaddecc460263abb0bd08053c435dd4,2307,0,357.57
train_02553.png,5c96953e4acdbecc9dde081795182ab2bdaddecc460263abb0bd08053c435dd4,2307,1,139.83
train_00340.png,5d007d4e97fe8b7af5c18a597ade35a186f37b6eabc6eb2407a8cf1056d59581,2317,1,126.41
train_04566.png,5d007d4e97fe8b7af5c18a597ade35a186f37b6eabc6eb2407a8cf1056d59581,2317,0,294.42
train_00413.png,5d1ccd0a2839c6f8291360dadbbdf039ac54011db0c43ce4874d3819d909e7cc,2322,0,141.52
train_02504.png,5d1ccd0a2839c6f8291360dadbbdf039ac54011db0c43ce4874d3819d909e7cc,2322,1,170.36
train_03201.png,5d6e1b06c896017bed0a01460133a126b1b791cbd4206c8659586fba9e9baed7,2334,0,287.7
train_04115.png,5d6e1b06c896017bed0a01460133a126b1b791cbd4206c8659586fba9e9baed7,2334,1,139.97
train_04196.png,5d770bc314fd10f731ca35f4101ccec96fd83b9d2f1062a2423a32858ec73a43,2335,1,134.72
train_06691.png,5d770bc314fd10f731ca35f4101ccec96fd83b9d2f1062a2423a32858ec73a43,2335,0,294.98
train_05416.png,5d80f3a549789d5cd5c9e97bf5e59ebc398ab4b6e1da1cbf732fdaa6109999ff,2336,0,137.5
train_05800.png,5d80f3a549789d5cd5c9e97bf5e59ebc398ab4b6e1da1cbf732fdaa6109999ff,2336,1,265.1
train_01991.png,5dd3ff1a3dddbfc729e65d373e8a283c9992e4c42f5c3a713ef6cfe4937cdfb9,2348,1,121.7
train_04780.png,5dd3ff1a3dddbfc729e65d373e8a283c9992e4c42f5c3a713ef6cfe4937cdfb9,2348,0,328.89
train_05452.png,5e172a3296984a024c9b4f9f6dfd1e19103384099552d15eff2e3200c0415f17,2355,0,29.39
train_07161.png,5e172a3296984a024c9b4f9f6dfd1e19103384099552d15eff2e3200c0415f17,2355,1,141.13
train_03395.png,5e3fb2227704389c5c5e5f8db7403c660fab6b2d012c6d30e88d137dc6e7e6e2,2359,1,259.98
train_05559.png,5e3fb2227704389c5c5e5f8db7403c660fab6b2d012c6d30e88d137dc6e7e6e2,2359,0,354.55
train_00774.png,5ed52f9de60d281fcf5022b482ddad31d40f37b5e29605a2fbc1bec80f3af23c,2370,1,73.14
train_07057.png,5ed52f9de60d281fcf5022b482ddad31d40f37b5e29605a2fbc1bec80f3af23c,2370,0,295.79
train_01933.png,5efad0261d94b4fa9c79ebf081ad8567658ab6820b54c2e5815ff043f01b1e19,2374,0,327.33
train_05644.png,5efad0261d94b4fa9c79ebf081ad8567658ab6820b54c2e5815ff043f01b1e19,2374,1,280.67
train_01372.png,5f26e9f74a5d40450ceef6136ebb275e75a6115f8d159541725fbd1ce7039e95,2378,0,273.7
train_06995.png,5f26e9f74a5d40450ceef6136ebb275e75a6115f8d159541725fbd1ce7039e95,2378,1,225.97
train_01558.png,5f3e9bd7812bd022fb0c3d182f49c8024151b125099bfc9e2eeaf1f1735abd9e,2380,0,298.64
train_03360.png,5f3e9bd7812bd022fb0c3d182f49c8024151b125099bfc9e2eeaf1f1735abd9e,2380,1,162.75
train_03358.png,5f6baef9ad254ea157debedfa21b3593097a9ddb1b294f08e3465d321eeacb5a,2386,0,271.42
train_05191.png,5f6baef9ad254ea157debedfa21b3593097a9ddb1b294f08e3465d321eeacb5a,2386,1,195.59
train_02993.png,5f960dfb7c21c2520869f7863d8d30bafa9af211dabf51f0ee154ee353046aa7,2390,0,327.93
train_06695.png,5f960dfb7c21c2520869f7863d8d30bafa9af211dabf51f0ee154ee353046aa7,2390,1,31.91
train_03793.png,5f9f0dcb32ecc425e9efaaf28c769ab0042fc5bf39cc8861d7d477dd1735ebab,2393,0,329.44
train_04346.png,5f9f0dcb32ecc425e9efaaf28c769ab0042fc5bf39cc8861d7d477dd1735ebab,2393,1,281.88
train_00609.png,5fd5b8bd6b9e2c607a66984378e2f438c9506f67fde203a1b49ae4e8cf61b3b9,2395,1,224.11
train_05499.png,5fd5b8bd6b9e2c607a66984378e2f438c9506f67fde203a1b49ae4e8cf61b3b9,2395,0,30.06
train_01302.png,60168c01ce2e622b8cbba3d0ebb93a6b26fb855430676ad2a2929fe84074de36,2402,0,133.37
train_07579.png,60168c01ce2e622b8cbba3d0ebb93a6b26fb855430676ad2a2929fe84074de36,2402,1,321.57
train_01542.png,6023fd10d1acc79356a49bf7fef9c9eca946afb2d95d0aadf39272b41579e201,2404,1,22.48
train_03769.png,6023fd10d1acc79356a49bf7fef9c9eca946afb2d95d0aadf39272b41579e201,2404,0,219.8
train_04674.png,6026aa6b72100e74553faf3e04351332ba27a816e66d32e3ee970a4fdd1b49c1,2405,1,207.86
train_05046.png,6026aa6b72100e74553faf3e04351332ba27a816e66d32e3ee970a4fdd1b49c1,2405,0,222.9
train_07439.png,603c7313c6e8d82937c7160c441226a5c28e42f9f032c2a00e69fe9482bbf720,2409,1,317.6
train_07649.png,603c7313c6e8d82937c7160c441226a5c28e42f9f032c2a00e69fe9482bbf720,2409,0,347.51
train_03052.png,606ca1ca35a25fbbc8c3552ebbab54b57b55ffcc48910291463520d59e9e1d3c,2413,0,314.67
train_06155.png,606ca1ca35a25fbbc8c3552ebbab54b57b55ffcc48910291463520d59e9e1d3c,2413,1,22.98
train_01465.png,607956f7ea076b1a396cb01e35ec59c30d91c5617d61b5ceba556cb44e7b9700,2415,0,292.65
train_03226.png,607956f7ea076b1a396cb01e35ec59c30d91c5617d61b5ceba556cb44e7b9700,2415,1,319.05
train_00155.png,60cdd5b7464e97d1330d69aa95c6e2023cd133c8856278b14f3cdf34d04d171e,2417,1,51.59
train_07719.png,60cdd5b7464e97d1330d69aa95c6e2023cd133c8856278b14f3cdf34d04d171e,2417,0,123.49
train_00341.png,60e2c206de781fb449d7cf92a101601db36705ee9c1344a0c5b485f891959388,2421,0,341.17
train_01037.png,60e2c206de781fb449d7cf92a101601db36705ee9c1344a0c5b485f891959388,2421,1,155.41
train_02512.png,60f89e06689e0daba295fda2bb1b0a2fde1a4f34f5571a9cc8ce8d055420e3c0,2427,1,144.98
train_06627.png,60f89e06689e0daba295fda2bb1b0a2fde1a4f34f5571a9cc8ce8d055420e3c0,2427,0,354.12
train_01086.png,611a5a752fa9599a0bb5aa33f4628e601b365886740e9e9ed23fa1e5eb30dbcc,2428,1,251.61
train_04348.png,611a5a752fa9599a0bb5aa33f4628e601b365886740e9e9ed23fa1e5eb30dbcc,2428,0,123.14
train_04149.png,618c8d0ac419098c7411f37d70e374613d5c77d3807f60ed5e8161bb9f219e81,2437,0,292.02
train_05041.png,618c8d0ac419098c7411f37d70e374613d5c77d3807f60ed5e8161bb9f219e81,2437,1,187.14
train_05951.png,61ee9e96829e15cfd7663467d9c28c0e7caaf3cf33c59d62c7b4e55dbdc2228d,2442,0,290.77
train_07401.png,61ee9e96829e15cfd7663467d9c28c0e7caaf3cf33c59d62c7b4e55dbdc2228d,2442,1,245.77
train_01464.png,6200d333bdf4ada9eee117563f6e0d1182fb157db6a4baf307775a79a2044de2,2444,0,81.41
train_03492.png,6200d333bdf4ada9eee117563f6e0d1182fb157db6a4baf307775a79a2044de2,2444,1,121.29
train_00685.png,6206ca29b31fd15dccb4aba4cd46b5b650d2b7e770b0487d4433939f82d99ba1,2445,0,87.52
train_06894.png,6206ca29b31fd15dccb4aba4cd46b5b650d2b7e770b0487d4433939f82d99ba1,2445,1,16.12
train_01556.png,6207613b2334bdb406519f191c805537e0ebdd744f749f5b2a3de0e4ca874b95,2446,0,284.14
train_05863.png,6207613b2334bdb406519f191c805537e0ebdd744f749f5b2a3de0e4ca874b95,2446,1,85.2
train_06683.png,621522829e1e2d082db17e05a9e067f2d1517d1c65b4dfc38860e89c15311d09,2449,1,150.88
train_07052.png,621522829e1e2d082db17e05a9e067f2d1517d1c65b4dfc38860e89c15311d09,2449,0,291.85
train_02004.png,6230df86ea9cd66b0e5fc4eb395d2ec8c4e174b105c557492b987f23113f5004,2451,1,285.02
train_02570.png,6230df86ea9cd66b0e5fc4eb395d2ec8c4e174b105c557492b987f23113f5004,2451,0,347.7
train_03512.png,627f83ad310f74baee47b1207e0bf8a5401d5b7491e13bbe070c11d5f8cbdf89,2460,0,314.4
train_06131.png,627f83ad310f74baee47b1207e0bf8a5401d5b7491e13bbe070c11d5f8cbdf89,2460,1,5.95
train_00215.png,628832d55b3ec79d18268d945268cbc4029d144eea161fe988d3b1bf4cc5900c,2461,1,145.32
train_01938.png,628832d55b3ec79d18268d945268cbc4029d144eea161fe988d3b1bf4cc5900c,2461,0,306.05
train_04343.png,6289d0aec5322b7ffbd66a841158aed230302c3bb2146949cec0444e96a04a06,2462,1,190.53
train_06606.png,6289d0aec5322b7ffbd66a841158aed230302c3bb2146949cec0444e96a04a06,2462,0,275.07
train_02774.png,62edaf1adc4d1ae495349f745ff5d9d974138dccb9f79382869d0d40ec3aae9c,2465,1,175.8
train_02843.png,62edaf1adc4d1ae495349f745ff5d9d974138dccb9f79382869d0d40ec3aae9c,2465,0,336.4
train_00599.png,62ef353b93f0be28d7dabe5aa4ba1393f857428ccf01455c27b913604759160d,2466,0,297.61
train_02390.png,62ef353b93f0be28d7dabe5aa4ba1393f857428ccf01455c27b913604759160d,2466,1,105.42
train_01997.png,63139e9dadeba4e4464f7f715b085b01822aa8b7d17610aa6506422921e50a25,2470,0,357.0
train_04130.png,63139e9dadeba4e4464f7f715b085b01822aa8b7d17610aa6506422921e50a25,2470,1,265.66
train_01161.png,6324ac9a8ed45c6edcc093a28f75ba6db1f5b7195cbf06840e6c4a745caae376,2472,1,46.16
train_05634.png,6324ac9a8ed45c6edcc093a28f75ba6db1f5b7195cbf06840e6c4a745caae376,2472,0,342.65
train_00683.png,63a524fbac3c4dd8c0a3c3a34adfa36a8ca7483cbcfe4b2c4947ef25064c86e5,2489,1,52.52
train_02563.png,63a524fbac3c4dd8c0a3c3a34adfa36a8ca7483cbcfe4b2c4947ef25064c86e5,2489,0,327.9
train_00836.png,63b4d65f79aa096d4708532e5d25f899d2acb4260848da7223435d172c426bf8,2491,1,106.95
train_07238.png,63b4d65f79aa096d4708532e5d25f899d2acb4260848da7223435d172c426bf8,2491,0,270.42
train_02674.png,63bf02fba7a265e671e9b3f9c54f3669cbfd43255b4e589d2b9a72723520eb10,2493,0,356.14
train_03476.png,63bf02fba7a265e671e9b3f9c54f3669cbfd43255b4e589d2b9a72723520eb10,2493,1,186.0
train_00335.png,63c8ba1b76a41ea4ecf3bc08067c19abd310e82c2731fe5169c425fd16df4610,2494,0,330.63
train_02840.png,63c8ba1b76a41ea4ecf3bc08067c19abd310e82c2731fe5169c425fd16df4610,2494,1,320.55
train_00783.png,63eb3d6eac32ddf58abf350ad2057d1a93aaf12785a4bddbecc61adfccdaed1b,2499,1,107.53
train_04117.png,63eb3d6eac32ddf58abf350ad2057d1a93aaf12785a4bddbecc61adfccdaed1b,2499,0,355.69
train_01907.png,641924bd8d6c0ae2bb5d1763b2bfaf46b81aa3f6e73527af302bec199a9e99c2,2500,1,249.65
train_03482.png,641924bd8d6c0ae2bb5d1763b2bfaf46b81aa3f6e73527af302bec199a9e99c2,2500,0,303.9
train_00794.png,641b49e9e63ba76b3447a81525593ddaad978a99d355d3dcd767e7b0265f57ec,2501,0,287.21
train_07450.png,641b49e9e63ba76b3447a81525593ddaad978a99d355d3dcd767e7b0265f57ec,2501,1,189.28
train_04068.png,642ab5da6c41b8e311be93692423e6e10b9abb392458ea9d86700f2c9060407d,2504,1,269.74
train_05411.png,642ab5da6c41b8e311be93692423e6e10b9abb392458ea9d86700f2c9060407d,2504,0,322.4
train_00188.png,643e7a20139930e716cf8079a1216a1ad0d7ac2d92799d943394cb4ec1b9b5ac,2507,1,330.41
train_05117.png,643e7a20139930e716cf8079a1216a1ad0d7ac2d92799d943394cb4ec1b9b5ac,2507,0,293.74
train_00285.png,64665912721d056c9bb9b8c1b8953ccda3dda44b902c30911ffc0f4219f5e7e4,2508,1,59.28
train_04603.png,64665912721d056c9bb9b8c1b8953ccda3dda44b902c30911ffc0f4219f5e7e4,2508,0,314.18
train_00019.png,64762108c3341e9dc7cf3e5f20fc7f8fc97004277dacb645e76a0e435a867404,2510,0,265.65
train_05198.png,64762108c3341e9dc7cf3e5f20fc7f8fc97004277dacb645e76a0e435a867404,2510,1,343.52
train_01391.png,64a73500a372fbf794bd2b5c8261cc35ff86199ca6f481de637705b2d4b472b6,2516,0,171.58
train_07312.png,64a73500a372fbf794bd2b5c8261cc35ff86199ca6f481de637705b2d4b472b6,2516,1,269.86
train_02495.png,64a99ee96cc58cd3451a0907aa34933c288c1a4eb91d72fb6e9a476a81898075,2517,1,221.7
train_03815.png,64a99ee96cc58cd3451a0907aa34933c288c1a4eb91d72fb6e9a476a81898075,2517,0,350.53
train_00872.png,64b7d4448ffa14e166bf5330733fa678f058d8e79172a3d8eb1df822ccf68b94,2518,1,77.31
train_02268.png,64b7d4448ffa14e166bf5330733fa678f058d8e79172a3d8eb1df822ccf68b94,2518,0,313.86
train_01475.png,64db93eff9f5e949316f4ee5a4d9d50307ad770cca9e9012845a49a09096be21,2523,0,285.43
train_03494.png,64db93eff9f5e949316f4ee5a4d9d50307ad770cca9e9012845a49a09096be21,2523,1,291.28
train_04249.png,64ff373835998373f92be7425fc07bf66bbe43c5fefa794ea2ad5394c4ad3fc8,2526,1,70.5
train_05628.png,64ff373835998373f92be7425fc07bf66bbe43c5fefa794ea2ad5394c4ad3fc8,2526,0,335.95
train_01822.png,656cd0b11ae716d8912c8aa81410d5d2470301532cc272f7957db3383930f655,2535,0,315.75
train_05135.png,656cd0b11ae716d8912c8aa81410d5d2470301532cc272f7957db3383930f655,2535,1,75.39
train_04414.png,6593dca6b3bca135d32952d698f00f53c90aca96796e64a379d5645a05aaef0b,2538,0,297.53
train_06772.png,6593dca6b3bca135d32952d698f00f53c90aca96796e64a379d5645a05aaef0b,2538,1,175.5
train_00316.png,65a0fe4478b6178a47821e2e98648bb52acf727c42c5ffb9bde85be58a33ee87,2540,1,79.43
train_05160.png,65a0fe4478b6178a47821e2e98648bb52acf727c42c5ffb9bde85be58a33ee87,2540,0,341.3
train_04189.png,65b21a4253177e54baf2b9f62ea9c391c35bdbeea54cc369d7ae932f324f2e92,2541,1,278.63
train_04556.png,65b21a4253177e54baf2b9f62ea9c391c35bdbeea54cc369d7ae932f324f2e92,2541,0,346.39
train_03499.png,65eb9da67c99f22be7bfd26b548af60c41122a1a751716420a63363add809ef5,2545,1,224.93
train_05838.png,65eb9da67c99f22be7bfd26b548af60c41122a1a751716420a63363add809ef5,2545,0,303.63
train_03207.png,661d03d2274530d162366928d63ac27b8370ac4e4ca26832f1012c4e93a1f80b,2548,1,262.4
train_07682.png,661d03d2274530d162366928d63ac27b8370ac4e4ca26832f1012c4e93a1f80b,2548,0,240.71
train_00237.png,66642f32d925b19af8213c6fa22a741f83410f61f4b67ecd5838038b788b3350,2555,0,45.59
train_05867.png,66642f32d925b19af8213c6fa22a741f83410f61f4b67ecd5838038b788b3350,2555,1,12.63
train_02376.png,66a5e2251940cf51ebb07bb38f178dcb00ab81f8d84e9082dfdd23f16d76b081,2561,1,147.03
train_05236.png,66a5e2251940cf51ebb07bb38f178dcb00ab81f8d84e9082dfdd23f16d76b081,2561,0,337.89
train_03209.png,67115655bb96cf1f37e560571f0067b820a80093965f73c3ce39c51fa2d02873,2569,1,78.27
train_06190.png,67115655bb96cf1f37e560571f0067b820a80093965f73c3ce39c51fa2d02873,2569,0,294.47
train_00659.png,67563741c82a87e7a463303c0bfb0f92d618f894b6de9ca0b7f79c9b87303134,2574,1,143.13
train_06696.png,67563741c82a87e7a463303c0bfb0f92d618f894b6de9ca0b7f79c9b87303134,2574,0,304.16
train_01194.png,6799a867333a0bff5cdda6dc56808a7a43c24a2af9fdc4113822f60a40ae1c65,2579,1,112.1
train_07844.png,6799a867333a0bff5cdda6dc56808a7a43c24a2af9fdc4113822f60a40ae1c65,2579,0,327.04
train_00568.png,680d05d900b5d29a00a82a7acb50de0e6252a31f2161efed69482f37df8ee286,2585,1,67.38
train_07540.png,680d05d900b5d29a00a82a7acb50de0e6252a31f2161efed69482f37df8ee286,2585,0,315.05
train_01061.png,683d08621c690a19bc0b0db16042adf617cd28b1ef1f3fefcf1395ed60a79386,2587,1,346.0
train_01746.png,683d08621c690a19bc0b0db16042adf617cd28b1ef1f3fefcf1395ed60a79386,2587,0,352.97
train_05485.png,68790e63a3fdaf3afa6b4dfbeb0583476172b51ea68660b9b455349a3177e733,2591,0,270.28
train_06218.png,68790e63a3fdaf3afa6b4dfbeb0583476172b51ea68660b9b455349a3177e733,2591,1,207.44
train_04898.png,6880b30dc584646ae60e7fa6640e3cb058ea69f737060783a77faf144a2d214e,2592,0,65.24
train_05388.png,6880b30dc584646ae60e7fa6640e3cb058ea69f737060783a77faf144a2d214e,2592,1,225.94
train_01116.png,68b2f2f6e0e85eb52c6961db90b3a17caa59481ef0345a9df6b5bf00aa8c0979,2595,0,298.17
train_05822.png,68b2f2f6e0e85eb52c6961db90b3a17caa59481ef0345a9df6b5bf00aa8c0979,2595,1,314.66
train_07406.png,68d6bbf823c8f5572f8ad6a347c21f2b4960cc64ec872ef9348980e8eb270fb3,2596,0,309.13
train_07493.png,68d6bbf823c8f5572f8ad6a347c21f2b4960cc64ec872ef9348980e8eb270fb3,2596,1,293.22
train_02867.png,68e96ecfdac9153ffe28c1dff450583c33e973358bd361d5523dbf9ef2d7335d,2599,0,263.78
train_03696.png,68e96ecfdac9153ffe28c1dff450583c33e973358bd361d5523dbf9ef2d7335d,2599,1,257.5
train_02696.png,6915d06c754c2a45ec2f176e96d1e7f2c625a108b61243953439ffdff0414568,2601,1,61.99
train_03877.png,6915d06c754c2a45ec2f176e96d1e7f2c625a108b61243953439ffdff0414568,2601,0,335.57
train_04011.png,693ad47b214aaa6448fabd6bf2e641abc03d3e39dc1b813db85d739c560788d1,2605,1,272.37
train_05464.png,693ad47b214aaa6448fabd6bf2e641abc03d3e39dc1b813db85d739c560788d1,2605,0,277.79
train_05153.png,69465aa2b5653038c68d67047e9be79709f78560bab565e027730037d6e5bf6d,2607,1,111.36
train_06485.png,69465aa2b5653038c68d67047e9be79709f78560bab565e027730037d6e5bf6d,2607,0,294.61
train_00302.png,696130cbe5c29d47f5e7e3c3095df7f3de9f063aa41695ff38b79ee5aad26677,2613,1,201.67
train_01198.png,696130cbe5c29d47f5e7e3c3095df7f3de9f063aa41695ff38b79ee5aad26677,2613,0,326.69
train_00067.png,6961af327e3528e42a306c32928e6f0f68f5c3865a604ecb4ac280a2b5c18ff0,2614,1,306.51
train_04504.png,6961af327e3528e42a306c32928e6f0f68f5c3865a604ecb4ac280a2b5c18ff0,2614,0,319.9
train_00243.png,696644c3a99ebc7dcf9999523fb5b54238d012b77196625d3d38c2afa996609d,2616,0,112.81
train_02809.png,696644c3a99ebc7dcf9999523fb5b54238d012b77196625d3d38c2afa996609d,2616,1,272.06
train_00064.png,69c0690d19fd056f2781fc5562692b1ce801cebda519884682b26c927b8618a1,2620,1,70.21
train_02158.png,69c0690d19fd056f2781fc5562692b1ce801cebda519884682b26c927b8618a1,2620,0,351.28
train_01633.png,69ce74ac8bf42b03a4a0a7a5e4e1ebc03af825251a47e732922a3654a68a6052,2622,0,345.73
train_05963.png,69ce74ac8bf42b03a4a0a7a5e4e1ebc03af825251a47e732922a3654a68a6052,2622,1,13.65
train_02548.png,69e7a5520d74383c7aaa0d0488ca20fc2274334c946ed5e5e7b915b7bea18d4f,2623,0,309.42
train_03796.png,69e7a5520d74383c7aaa0d0488ca20fc2274334c946ed5e5e7b915b7bea18d4f,2623,1,305.52
train_00138.png,69ec2a76392695bdaef0ccf0cc80e2b04a40e352733236ddfc0f052dd3d0a0f2,2625,0,320.09
train_07593.png,69ec2a76392695bdaef0ccf0cc80e2b04a40e352733236ddfc0f052dd3d0a0f2,2625,1,264.35
train_01699.png,6a22840031409c230da627c49981391502c259e90c532d51a15c81577021b16a,2628,1,19.49
train_02928.png,6a22840031409c230da627c49981391502c259e90c532d51a15c81577021b16a,2628,0,274.49
train_01611.png,6a4208fa90e829ebd3e2075b4df5c31d5b84866711ae5839f8d57ae88209a742,2632,1,80.91
train_06666.png,6a4208fa90e829ebd3e2075b4df5c31d5b84866711ae5839f8d57ae88209a742,2632,0,337.26
train_02764.png,6a607d50c5b660672e5d3be6d4ccedaff1521ddcf82a6c809012e7cd6874c2e6,2635,1,35.81
train_03116.png,6a607d50c5b660672e5d3be6d4ccedaff1521ddcf82a6c809012e7cd6874c2e6,2635,0,301.12
train_02488.png,6a650a2d87e79296f060d39fe1f7e3335903615e2593ae3a619a03a937a04305,2636,0,342.17
train_04510.png,6a650a2d87e79296f060d39fe1f7e3335903615e2593ae3a619a03a937a04305,2636,1,265.75
train_00165.png,6abfbfd2d43d2500c91c84742916594e2dc13ab6d75840f3b6685c3fbe365052,2646,0,279.32
train_04810.png,6abfbfd2d43d2500c91c84742916594e2dc13ab6d75840f3b6685c3fbe365052,2646,1,331.31
train_06059.png,6b029062bb47288c7d594dd46b4af68617bd5eae9956aa39a5604a03d29c649b,2651,1,99.33
train_07207.png,6b029062bb47288c7d594dd46b4af68617bd5eae9956aa39a5604a03d29c649b,2651,0,58.29
train_00480.png,6b04fcacee28b23e402b9d012c5da17591d1ce9ac012c355b0badc99771ad34d,2653,0,330.16
train_06723.png,6b04fcacee28b23e402b9d012c5da17591d1ce9ac012c355b0badc99771ad34d,2653,1,173.21
train_01816.png,6b443642fbe0a7287df11752cee0cc8d090c1fbc1ac97b3761544fe016184d36,2661,0,301.62
train_05142.png,6b443642fbe0a7287df11752cee0cc8d090c1fbc1ac97b3761544fe016184d36,2661,1,340.79
train_02835.png,6c0a65becce35b52c1f17a6c496c99e620a466c7facadfceae5b2bbcab7e61e9,2676,1,156.0
train_04310.png,6c0a65becce35b52c1f17a6c496c99e620a466c7facadfceae5b2bbcab7e61e9,2676,0,267.86
train_00884.png,6c232db8429705011d70f573108acfea54e9a8e6d7620237900a04c287a69b27,2677,1,180.25
train_07160.png,6c232db8429705011d70f573108acfea54e9a8e6d7620237900a04c287a69b27,2677,0,274.23
train_01227.png,6cb3d8f923e0de051c7be2cea259ae4a57b722769aa19d86a53dce3648276558,2688,0,340.89
train_05945.png,6cb3d8f923e0de051c7be2cea259ae4a57b722769aa19d86a53dce3648276558,2688,1,323.77
train_02069.png,6d3b955e093ca7e9af3060b9896de7df9fdd610e0a2d44554e395bac003c426a,2696,1,22.71
train_04431.png,6d3b955e093ca7e9af3060b9896de7df9fdd610e0a2d44554e395bac003c426a,2696,0,342.86
train_00588.png,6d6b3585f6191f41cdb5fe1f2e4660b21ee4f6c89b4ee3d3b5917aea86d5ca26,2697,0,90.09
train_03222.png,6d6b3585f6191f41cdb5fe1f2e4660b21ee4f6c89b4ee3d3b5917aea86d5ca26,2697,1,257.82
train_01865.png,6d942dbbb0bc32d6838fc0d5a12921f0195e9cb9b33cc890696156ee696afba6,2699,1,341.98
train_06577.png,6d942dbbb0bc32d6838fc0d5a12921f0195e9cb9b33cc890696156ee696afba6,2699,0,236.33
train_03402.png,6decd31eb1508aca51634c1a0daf5089366a8c4d1e47ddcb9b3c79fd6c92f78e,2705,0,334.94
train_06885.png,6decd31eb1508aca51634c1a0daf5089366a8c4d1e47ddcb9b3c79fd6c92f78e,2705,1,89.6
train_02539.png,6e0bb9b94c5c6ab5fccc0968193256c685bd8e79d7e8e22cfdd049e6fb5dd82d,2711,0,322.11
train_03584.png,6e0bb9b94c5c6ab5fccc0968193256c685bd8e79d7e8e22cfdd049e6fb5dd82d,2711,1,203.57
train_00806.png,6e4ed8b555162d673a3b4bb3a467aa66c47746a38930af97edffae3f04e1014b,2718,0,348.43
train_04761.png,6e4ed8b555162d673a3b4bb3a467aa66c47746a38930af97edffae3f04e1014b,2718,1,37.44
train_02625.png,6e8c7d68b1ee2a2c23a37a37374113331c9cf6578b9f2e898673fca8bc4a9c92,2726,1,321.07
train_06709.png,6e8c7d68b1ee2a2c23a37a37374113331c9cf6578b9f2e898673fca8bc4a9c92,2726,0,60.79
train_01648.png,6f082462d0f21efd9ba35414484d085ffa5e8752c3cb5c03947866636448252c,2734,0,317.72
train_04582.png,6f082462d0f21efd9ba35414484d085ffa5e8752c3cb5c03947866636448252c,2734,1,333.95
train_03650.png,6f25a7b2b3e08021f0362972559ed5fdc8f1408509f9c19ad2eeb0d260bc2577,2737,0,357.54
train_04345.png,6f25a7b2b3e08021f0362972559ed5fdc8f1408509f9c19ad2eeb0d260bc2577,2737,1,233.58
train_00660.png,6f38bf01a9fff5953d4d29f797e9ed96051b78414a381ce2214e779248fa5952,2738,1,22.01
train_07096.png,6f38bf01a9fff5953d4d29f797e9ed96051b78414a381ce2214e779248fa5952,2738,0,331.13
train_02203.png,6f809d9d1a5d1af69736653a292254991a5f0113041a5131185e73fa94449ee0,2745,1,314.48
train_07056.png,6f809d9d1a5d1af69736653a292254991a5f0113041a5131185e73fa94449ee0,2745,0,285.85
train_00027.png,6fdf3202ad353453c4779900b3cc68c70c04741b12affc4e8775ddaef866e1d2,2753,1,70.81
train_00321.png,6fdf3202ad353453c4779900b3cc68c70c04741b12affc4e8775ddaef866e1d2,2753,0,355.45
train_00898.png,6fe36bf19ec0f50918ccc20bbb20e060f0bef1e932a402a07cfcab063d685aaa,2754,0,340.12
train_03745.png,6fe36bf19ec0f50918ccc20bbb20e060f0bef1e932a402a07cfcab063d685aaa,2754,1,46.06
train_02405.png,6fe45555ea899f1e9d981ac5ad1ad7171317b7ca508709762b84d8d258c86c7a,2755,0,315.51
train_04119.png,6fe45555ea899f1e9d981ac5ad1ad7171317b7ca508709762b84d8d258c86c7a,2755,1,303.4
train_02225.png,6ff392a44ff243c4e744e57f90e58edcd803b35b1e31359b0af3d903c96c2978,2758,1,68.66
train_07156.png,6ff392a44ff243c4e744e57f90e58edcd803b35b1e31359b0af3d903c96c2978,2758,0,273.66
train_03552.png,705fd6b1e9701f65441d664f58583d3bd17ddb29d906bf4e69d1fc9057c2b7dc,2765,1,229.87
train_07823.png,705fd6b1e9701f65441d664f58583d3bd17ddb29d906bf4e69d1fc9057c2b7dc,2765,0,354.27
train_05688.png,70a895d4195fd303dd3004101ac40c2e090dbf4d3d95fdeb3c5efd52e56eb518,2771,1,209.06
train_06872.png,70a895d4195fd303dd3004101ac40c2e090dbf4d3d95fdeb3c5efd52e56eb518,2771,0,358.92
train_04549.png,70cfde9cf83dc0d7d81fe071d4f2e0facef89e56633d4c5d98751dca2bf282a0,2775,1,10.45
train_07289.png,70cfde9cf83dc0d7d81fe071d4f2e0facef89e56633d4c5d98751dca2bf282a0,2775,0,270.66
train_01574.png,718669c0a4ccf6e2fe0afb666dbe4860f71803ace41a0a15ccbd93cfb6425d62,2789,1,180.19
train_04897.png,718669c0a4ccf6e2fe0afb666dbe4860f71803ace41a0a15ccbd93cfb6425d62,2789,0,41.02
train_05139.png,71c4737ef83b5fab815b7a4c90d28795c374726ef6a38ac1bd6b3256b4cdeb27,2795,1,331.97
train_07533.png,71c4737ef83b5fab815b7a4c90d28795c374726ef6a38ac1bd6b3256b4cdeb27,2795,0,340.45
train_01070.png,71c8c8e8b1ac56ea871436015b55d169e03326ef66a530e19884233466add2eb,2797,1,296.29
train_05697.png,71c8c8e8b1ac56ea871436015b55d169e03326ef66a530e19884233466add2eb,2797,0,297.35
train_06078.png,71d5170d5bb65d65810d8efeb28f5f54b42049a7552795995a4711000185f91b,2798,1,53.99
train_06730.png,71d5170d5bb65d65810d8efeb28f5f54b42049a7552795995a4711000185f91b,2798,0,357.13
train_06847.png,71e96f78478c37e70fcd460d037b42396175ced7f3f502395ccfdffb5282add7,2800,1,46.87
train_06971.png,71e96f78478c37e70fcd460d037b42396175ced7f3f502395ccfdffb5282add7,2800,0,287.25
train_04937.png,722046e3ab561dd68bad3714f8bc7b9a070d59275b9fc51c84a0bcad161aa17c,2808,0,303.46
train_06329.png,722046e3ab561dd68bad3714f8bc7b9a070d59275b9fc51c84a0bcad161aa17c,2808,1,142.76
train_02862.png,722c1dcdf84319f4a397c3018ffe505181a4513b0bfa10d2d64d74e0ba91d794,2809,1,198.55
train_04921.png,722c1dcdf84319f4a397c3018ffe505181a4513b0bfa10d2d64d74e0ba91d794,2809,0,318.33
train_00905.png,724a8cd8ba37284f87ec45ca2bf8a8d9c968816293337c486de957614493d3c6,2810,0,278.23
train_04974.png,724a8cd8ba37284f87ec45ca2bf8a8d9c968816293337c486de957614493d3c6,2810,1,244.14
train_06293.png,724de837935d730003938bc08d5015e56ef3a440c67c48d5d67d3f33d86d25b1,2812,0,296.14
train_06565.png,724de837935d730003938bc08d5015e56ef3a440c67c48d5d67d3f33d86d25b1,2812,1,114.02
train_00388.png,7254978534a08929e8fe4a4a785a5294c02d6a8240f45d295c160def0ecb407a,2814,1,139.56
train_05034.png,7254978534a08929e8fe4a4a785a5294c02d6a8240f45d295c160def0ecb407a,2814,0,305.3
train_03524.png,7260e37b229a24a3cba0c78bce73163555ecf147e45e884d350e8622cdadbf74,2816,0,352.93
train_05687.png,7260e37b229a24a3cba0c78bce73163555ecf147e45e884d350e8622cdadbf74,2816,1,294.15
train_03346.png,7274520113bee75f70c661b90aaa428f821cf0ffd1304997ef6a0cd2fdc97070,2817,0,308.84
train_06234.png,7274520113bee75f70c661b90aaa428f821cf0ffd1304997ef6a0cd2fdc97070,2817,1,307.97
train_04374.png,727e09ba18806274e6cecb48b2ff339d057da6fd5845298b8889b3d7bc87abac,2818,1,286.67
train_04638.png,727e09ba18806274e6cecb48b2ff339d057da6fd5845298b8889b3d7bc87abac,2818,0,293.98
train_03857.png,728fffb07f9abaf579c792f7c09181f07b221c30e90790740cbc1a9a81b451d3,2823,1,338.54
train_04781.png,728fffb07f9abaf579c792f7c09181f07b221c30e90790740cbc1a9a81b451d3,2823,0,290.04
train_00256.png,72f05325989f73250a4e97e4dd07302a94907f5a021d1d9cebe7a3439334f3d4,2831,1,319.42
train_05648.png,72f05325989f73250a4e97e4dd07302a94907f5a021d1d9cebe7a3439334f3d4,2831,0,296.27
train_00559.png,734a916eee1809b65ed7fb75db6a6ea630477834bae860dff5c0925d7940b3b7,2839,0,314.43
train_07306.png,734a916eee1809b65ed7fb75db6a6ea630477834bae860dff5c0925d7940b3b7,2839,1,133.58
train_03698.png,736e07ba3ca774ff9cd273f1ecf6ff9725b4436c64c4cbd5c4249900720e3007,2845,1,230.97
train_07467.png,736e07ba3ca774ff9cd273f1ecf6ff9725b4436c64c4cbd5c4249900720e3007,2845,0,337.26
train_01027.png,7379e91133c5bf20729df7d83b49c27214443aecb3fbe35e5e34f309e9706979,2847,1,334.48
train_04099.png,7379e91133c5bf20729df7d83b49c27214443aecb3fbe35e5e34f309e9706979,2847,0,346.68
train_00040.png,73ea9e956de5cfff84616a70de9f5babb27ad8ec697295ed1ba2ae4b9de292c7,2852,0,256.77
train_06539.png,73ea9e956de5cfff84616a70de9f5babb27ad8ec697295ed1ba2ae4b9de292c7,2852,1,119.55
train_01453.png,73f7245c9d9c34267460cdaa61266ef72512300ffdb58ace63612c3366413515,2854,1,335.48
train_03148.png,73f7245c9d9c34267460cdaa61266ef72512300ffdb58ace63612c3366413515,2854,0,291.25
train_02721.png,7419eb8bbbee2c9c7ee20cde7c6cc6e499590c94deeb6f0829d2e51f006425d6,2859,1,303.13
train_04025.png,7419eb8bbbee2c9c7ee20cde7c6cc6e499590c94deeb6f0829d2e51f006425d6,2859,0,165.35
train_06115.png,746511023a08eb41c82f16ad39352bfc9ce5f97d9f20fea1ca849e6b86858738,2863,1,73.88
train_07011.png,746511023a08eb41c82f16ad39352bfc9ce5f97d9f20fea1ca849e6b86858738,2863,0,341.17
train_04366.png,746d6f44111c338df9f57d161ff00477d03c094cbeecbc51db7478754ced7990,2864,0,347.21
train_07408.png,746d6f44111c338df9f57d161ff00477d03c094cbeecbc51db7478754ced7990,2864,1,285.2
train_04496.png,748bcb745206bc5a280296e54ff133b3224bd75c8ee6c932a5a0127ec65b7f51,2866,1,249.28
train_07449.png,748bcb745206bc5a280296e54ff133b3224bd75c8ee6c932a5a0127ec65b7f51,2866,0,335.83
train_06075.png,74bac480ef485beb4a096e85de502f70ea33e98675e19c421d0dba3e559d5a09,2869,1,160.13
train_06261.png,74bac480ef485beb4a096e85de502f70ea33e98675e19c421d0dba3e559d5a09,2869,0,178.64
train_00308.png,74d52637025e1483267b716b14702994456cc1339d25be06dc545d2a617a8707,2874,0,280.82
train_04907.png,74d52637025e1483267b716b14702994456cc1339d25be06dc545d2a617a8707,2874,1,192.48
train_05102.png,74d82d5fd6a10a2293888035294f5695368b04750e9b375025fad523e74ea6c7,2875,1,216.53
train_06544.png,74d82d5fd6a10a2293888035294f5695368b04750e9b375025fad523e74ea6c7,2875,0,22.48
train_01386.png,74f57d40df68910a140b7c28eef74e8904b6f2569ecdc282d52a84883474786c,2877,1,6.44
train_06025.png,74f57d40df68910a140b7c28eef74e8904b6f2569ecdc282d52a84883474786c,2877,0,351.31
train_06840.png,74fe336d63471609292ba56ef76452b482c659c223d9de734e0f44151ac27c96,2878,0,270.98
train_07525.png,74fe336d63471609292ba56ef76452b482c659c223d9de734e0f44151ac27c96,2878,1,116.94
train_00412.png,7549778945fd23cc78d4159886d67cee964835e108345260a1bc67f0609949bc,2885,1,320.14
train_04284.png,7549778945fd23cc78d4159886d67cee964835e108345260a1bc67f0609949bc,2885,0,331.72
train_03308.png,755472d1dbd9d0445460fc9e506fdc2ac02d53d9768a706c65721baeea0640ee,2887,0,242.43
train_06480.png,755472d1dbd9d0445460fc9e506fdc2ac02d53d9768a706c65721baeea0640ee,2887,1,102.69
train_00020.png,759c5e3488ed063c8a5f31e84370049f57763ff2c433092fd3a734c54b11a626,2897,0,106.18
train_03487.png,759c5e3488ed063c8a5f31e84370049f57763ff2c433092fd3a734c54b11a626,2897,1,258.03
train_02707.png,75b587cd9b7dc93f6ffdc911cb8ed3edf3c0b9dc8487aececc6a12daee440b24,2905,1,3.95
train_04805.png,75b587cd9b7dc93f6ffdc911cb8ed3edf3c0b9dc8487aececc6a12daee440b24,2905,0,335.78
train_00696.png,75c295e56613f6015164b8c3a6beecf2a8efe76894606c8bf7dbbcccca397dcc,2907,0,329.26
train_00811.png,75c295e56613f6015164b8c3a6beecf2a8efe76894606c8bf7dbbcccca397dcc,2907,1,27.63
train_01641.png,75cc2cf2f72fb4ea654159a4b9c94bd561f12e1cbd40b9f95aa2360da65a8db1,2910,1,136.09
train_05550.png,75cc2cf2f72fb4ea654159a4b9c94bd561f12e1cbd40b9f95aa2360da65a8db1,2910,0,329.36
train_01054.png,76513c5a82a55e333a96eadc1f3ef8a30ede62432ee96568bf5677e5da7b34de,2925,0,109.24
train_06825.png,76513c5a82a55e333a96eadc1f3ef8a30ede62432ee96568bf5677e5da7b34de,2925,1,251.89
train_01760.png,76822f102b57fa1d9c0efae6a4daded8874c9d6838f6c053f20d1781d07bb627,2928,0,282.63
train_05643.png,76822f102b57fa1d9c0efae6a4daded8874c9d6838f6c053f20d1781d07bb627,2928,1,40.26
train_04040.png,768bb88afe8f235f5c6728f62c4948a8d3f52c3eb905d26c0bef1054d1f95c67,2929,1,349.95
train_07194.png,768bb88afe8f235f5c6728f62c4948a8d3f52c3eb905d26c0bef1054d1f95c67,2929,0,41.79
train_00919.png,76ae8f8f08ed96a8d70c7f18a23ebf7530013059154182acae70e66e4708375c,2932,0,314.91
train_06555.png,76ae8f8f08ed96a8d70c7f18a23ebf7530013059154182acae70e66e4708375c,2932,1,55.99
train_00140.png,76d259531b223339a9c16407ff9985d5c6b9028c97538339dbaa6f3669df2f5e,2937,1,86.26
train_01035.png,76d259531b223339a9c16407ff9985d5c6b9028c97538339dbaa6f3669df2f5e,2937,0,301.33
train_04456.png,76d815a36f36a15b8150287a82a479a7117ff3b0329d1bf72cb5fa51ef389454,2939,1,309.24
train_04932.png,76d815a36f36a15b8150287a82a479a7117ff3b0329d1bf72cb5fa51ef389454,2939,0,293.57
train_01765.png,76f13e15ac39b9270a4a46e69c8677ffe56f9a34a7bb9c98e26ae11e8421ab6e,2942,0,299.57
train_06390.png,76f13e15ac39b9270a4a46e69c8677ffe56f9a34a7bb9c98e26ae11e8421ab6e,2942,1,279.05
train_00419.png,7712e6bc8047c72d20b97555e59d44c384067ce86692a21fe0afa442d3a27181,2943,0,346.63
train_01551.png,7712e6bc8047c72d20b97555e59d44c384067ce86692a21fe0afa442d3a27181,2943,1,48.74
train_01608.png,771b9b6076e9487ff16c1af00e4f0147b243f49903da3416c2b8c3fbe3846715,2946,1,74.43
train_04351.png,771b9b6076e9487ff16c1af00e4f0147b243f49903da3416c2b8c3fbe3846715,2946,0,347.44
train_00764.png,774c35c9c548320599eac52c0d2801cb677ab61bdc25a8c9f8d4a83653070484,2950,0,286.7
train_05906.png,774c35c9c548320599eac52c0d2801cb677ab61bdc25a8c9f8d4a83653070484,2950,1,347.98
train_00746.png,774d9a90796e979277b40153f8f33a2c06b9e9315a82590dc4c8a4306517afc1,2951,1,258.28
train_04542.png,774d9a90796e979277b40153f8f33a2c06b9e9315a82590dc4c8a4306517afc1,2951,0,42.14
train_01007.png,77678d4bb02e4c415614cb84db3986a59d52cfeb45fb12d2110a805828624077,2954,1,32.64
train_01085.png,77678d4bb02e4c415614cb84db3986a59d52cfeb45fb12d2110a805828624077,2954,0,336.2
train_00345.png,77751914c0fe3c0cf72cbb50864ba28fcd0e771113c82761a67a022d8a40c3eb,2955,1,102.98
train_05540.png,77751914c0fe3c0cf72cbb50864ba28fcd0e771113c82761a67a022d8a40c3eb,2955,0,183.09
train_00121.png,77867fe721e46baaface2d310645c23407ae485748848b5b3bc18a1b22c3735a,2957,1,345.36
train_07730.png,77867fe721e46baaface2d310645c23407ae485748848b5b3bc18a1b22c3735a,2957,0,308.22
train_01459.png,7792a6e3e50e88b9b3af96befcafc6a25a67e1e4dc2a68ca7a8677b6fd5e8d94,2960,0,218.55
train_06295.png,7792a6e3e50e88b9b3af96befcafc6a25a67e1e4dc2a68ca7a8677b6fd5e8d94,2960,1,342.58
train_00005.png,77ac19bae183ba6f0cf4337af7e6dee6152372dff1e6071d0cc98f842872a021,2964,0,109.42
train_07435.png,77ac19bae183ba6f0cf4337af7e6dee6152372dff1e6071d0cc98f842872a021,2964,1,357.61
train_03523.png,77e39947d677e22b9f9f5c8b04c6525ffb53c4fee5c29009ad77efaba6c8d468,2969,0,320.37
train_03961.png,77e39947d677e22b9f9f5c8b04c6525ffb53c4fee5c29009ad77efaba6c8d468,2969,1,86.96
train_07542.png,77ff5c623b753501c22598be48dbc1d78d7b7c16b3f89cb4211c0eff2f6f49f6,2973,0,205.63
train_07837.png,77ff5c623b753501c22598be48dbc1d78d7b7c16b3f89cb4211c0eff2f6f49f6,2973,1,245.0
train_06668.png,7887db5281b72a25ef31f5d584ce81e0709907f18464edaf8cc15fe1e5cd7bf0,2987,1,348.13
train_07545.png,7887db5281b72a25ef31f5d584ce81e0709907f18464edaf8cc15fe1e5cd7bf0,2987,0,309.23
train_02874.png,78af50d72a35c192d3e64830e50d74009f4eab0151f1c2d1115665d3275e3407,2988,0,305.43
train_03051.png,78af50d72a35c192d3e64830e50d74009f4eab0151f1c2d1115665d3275e3407,2988,1,187.66
train_03363.png,79068450aa38817d801f38cfc1af79b26cb119516cf46ca8ad4b843812c51a8d,2995,1,345.91
train_06149.png,79068450aa38817d801f38cfc1af79b26cb119516cf46ca8ad4b843812c51a8d,2995,0,242.27
train_00943.png,7909356d5f5e18335b057fb069689afda90d8b03a45add5f0d75dd259af7480d,2996,0,358.87
train_02273.png,7909356d5f5e18335b057fb069689afda90d8b03a45add5f0d75dd259af7480d,2996,1,140.24
train_00319.png,790d5950630bbc7c7fce7ee65b842df32fcd45aa1beff6ef8efecd8ebc3758f8,2997,1,225.21
train_05723.png,790d5950630bbc7c7fce7ee65b842df32fcd45aa1beff6ef8efecd8ebc3758f8,2997,0,357.41
train_02850.png,793c20508e162a8ffa9f2d31d659306e54e6aa9265fa6ec6b890f8fa5f1da8be,3004,0,31.35
train_06286.png,793c20508e162a8ffa9f2d31d659306e54e6aa9265fa6ec6b890f8fa5f1da8be,3004,1,344.81
train_01430.png,79769c39ceedaefb3711d94cf64c41b6ce4aef1ff974aab8b42f5ec69cb4c8f0,3011,0,170.61
train_06271.png,79769c39ceedaefb3711d94cf64c41b6ce4aef1ff974aab8b42f5ec69cb4c8f0,3011,1,189.23
train_00282.png,79863c81e51b22cb9c4e77051a485e5f69a501a39448aa27fec742b73f446f5e,3013,1,207.79
train_02164.png,79863c81e51b22cb9c4e77051a485e5f69a501a39448aa27fec742b73f446f5e,3013,0,336.39
train_02551.png,7991339f285340ce6f6c4d1f82f4ea725967d522c8c57283d3df542cbf5fd0d2,3014,0,341.67
train_07634.png,7991339f285340ce6f6c4d1f82f4ea725967d522c8c57283d3df542cbf5fd0d2,3014,1,354.74
train_01905.png,799fb818e6030c768b196b5e3c95eb042c0c0197063a3d43741cc0fd2409714b,3017,1,267.8
train_06256.png,799fb818e6030c768b196b5e3c95eb042c0c0197063a3d43741cc0fd2409714b,3017,0,48.79
train_02897.png,7a1041bbe299ceb3837d3c601c2c10be7d72a70cd2fe1194d96b41524899b0ca,3031,0,335.35
train_03033.png,7a1041bbe299ceb3837d3c601c2c10be7d72a70cd2fe1194d96b41524899b0ca,3031,1,73.0
train_01160.png,7a4ff20afd955173c87a68131ce45d169eb5cc225c958f093b833b53f1a2eb84,3038,0,306.92
train_02951.png,7a4ff20afd955173c87a68131ce45d169eb5cc225c958f093b833b53f1a2eb84,3038,1,23.28
train_00277.png,7a50ff01d4185c9fc3d99e32c82c0ba5c2cd52e5a6a520a97a174d31b2987e93,3039,1,174.73
train_02340.png,7a50ff01d4185c9fc3d99e32c82c0ba5c2cd52e5a6a520a97a174d31b2987e93,3039,0,313.75
train_02357.png,7a5c50cb437a70427499ec668611ef886fe334dd9045c345294b5c5efde436f7,3040,0,51.21
train_03849.png,7a5c50cb437a70427499ec668611ef886fe334dd9045c345294b5c5efde436f7,3040,1,144.32
train_04670.png,7a6d9a9ef2f372bda05b5a32ff9005f87dfe5a53c08ba7c8fd7cdc63a43aefff,3041,1,12.08
train_05840.png,7a6d9a9ef2f372bda05b5a32ff9005f87dfe5a53c08ba7c8fd7cdc63a43aefff,3041,0,220.61
train_03021.png,7a7fe7c07993bdefe4229d455a74fcb8d97aae256b4d4bb96b115629a3740ad5,3044,1,320.39
train_05940.png,7a7fe7c07993bdefe4229d455a74fcb8d97aae256b4d4bb96b115629a3740ad5,3044,0,316.07
train_03456.png,7a989a6b67445c00f779954712894b423f64431cf4079ec182ec6b17c92e64d9,3045,0,297.91
train_04386.png,7a989a6b67445c00f779954712894b423f64431cf4079ec182ec6b17c92e64d9,3045,1,57.74
train_02037.png,7aa0cb43811894263c2780ca2552a832659a2f3cb7ce8be3bfce481452be3962,3046,0,333.78
train_03566.png,7aa0cb43811894263c2780ca2552a832659a2f3cb7ce8be3bfce481452be3962,3046,1,162.92
train_00579.png,7aa6a4e37328406db93de5288d3113893c516be351d48f763bc70c3c41eace8b,3047,1,255.01
train_03053.png,7aa6a4e37328406db93de5288d3113893c516be351d48f763bc70c3c41eace8b,3047,0,130.04
train_05049.png,7b1ee03211c29d6f39ac62b96725b415845ca39424a4fac094e948c0569286fa,3057,0,346.11
train_05621.png,7b1ee03211c29d6f39ac62b96725b415845ca39424a4fac094e948c0569286fa,3057,1,203.63
train_02935.png,7b9535cb7bceeec9433ee1d96fb11dc560188507029595a2f9648f6ad5fade13,3067,1,159.58
train_06663.png,7b9535cb7bceeec9433ee1d96fb11dc560188507029595a2f9648f6ad5fade13,3067,0,120.4
train_03881.png,7bef729b37401eb088f3b2f21bcfc2de624872ea05669f84a0ca3a1cf932971f,3076,0,327.44
train_04836.png,7bef729b37401eb088f3b2f21bcfc2de624872ea05669f84a0ca3a1cf932971f,3076,1,36.7
train_03184.png,7bf1fe66c53604e1e2111bdcb07ce1bc650e09cd016e63d4bc5c6af0b8a0e8ae,3077,1,165.45
train_03349.png,7bf1fe66c53604e1e2111bdcb07ce1bc650e09cd016e63d4bc5c6af0b8a0e8ae,3077,0,311.28
train_02151.png,7c4db7e391753db17d0f5b39369ba5be058b5eaa2f03085ae1f2ab824f029513,3083,0,312.25
train_05222.png,7c4db7e391753db17d0f5b39369ba5be058b5eaa2f03085ae1f2ab824f029513,3083,1,244.7
train_01432.png,7c5b4d91ff86c3f01c93fc0ebf91b571318e4703f4dbc356f4ce794fe62cc297,3086,1,229.95
train_05875.png,7c5b4d91ff86c3f01c93fc0ebf91b571318e4703f4dbc356f4ce794fe62cc297,3086,0,313.39
train_00911.png,7c7fdb15a6405b7393522d855a3256886a27de6940991f9ced6732d2c63aa6cf,3089,0,224.89
train_03647.png,7c7fdb15a6405b7393522d855a3256886a27de6940991f9ced6732d2c63aa6cf,3089,1,168.54
train_04424.png,7c864bc7ebdb66cc5576b552dba8ecdeaee07080ebb9ad5fab729b615db9b853,3090,0,302.33
train_07331.png,7c864bc7ebdb66cc5576b552dba8ecdeaee07080ebb9ad5fab729b615db9b853,3090,1,37.39
train_01924.png,7c8de3320185d2c0cad8025c05718c648732b4c5731a08458cb18d439215ad1c,3093,1,279.5
train_06760.png,7c8de3320185d2c0cad8025c05718c648732b4c5731a08458cb18d439215ad1c,3093,0,284.66
train_01670.png,7c91e556286c5d78c154c1a430e65168e0518611df5c19e6a9dea6326a0de81a,3094,0,336.74
train_02969.png,7c91e556286c5d78c154c1a430e65168e0518611df5c19e6a9dea6326a0de81a,3094,1,205.69
train_04786.png,7caeb6464b8827e75f8e331d82d591c95e90c9ad48bffdf7be4dee8ce76b4fa7,3096,0,132.39
train_05078.png,7caeb6464b8827e75f8e331d82d591c95e90c9ad48bffdf7be4dee8ce76b4fa7,3096,1,302.59
train_01366.png,7cf100af76f1b082693d6d2b85ebc80cc01f63ece679d0dbf1ebe06228e6979f,3104,0,270.22
train_02747.png,7cf100af76f1b082693d6d2b85ebc80cc01f63ece679d0dbf1ebe06228e6979f,3104,1,150.14
train_02061.png,7d035657c574710aab8db117c3bc6373a9db99602f3959bf1c16c7c78dbbdb4f,3106,0,358.96
train_04417.png,7d035657c574710aab8db117c3bc6373a9db99602f3959bf1c16c7c78dbbdb4f,3106,1,337.51
train_01598.png,7d1e148e86788c453301e1577a1ca94b16980f1af2ab5e718184f69c899cd2d4,3110,1,92.52
train_03839.png,7d1e148e86788c453301e1577a1ca94b16980f1af2ab5e718184f69c899cd2d4,3110,0,325.91
train_02247.png,7d1e1f7e2d3406db0a8710ab646c9afe9133ae13466219d62503fba12463e439,3111,1,262.28
train_06752.png,7d1e1f7e2d3406db0a8710ab646c9afe9133ae13466219d62503fba12463e439,3111,0,311.4
train_03567.png,7d5652bc1820a8ec449afea036c6b3b552f39159c1e1b81df86305abb181bdf9,3115,0,350.97
train_06654.png,7d5652bc1820a8ec449afea036c6b3b552f39159c1e1b81df86305abb181bdf9,3115,1,198.64
train_00031.png,7d6c6ba27cab735432121ff0654ee80e114ebd3556f032b2287b3ff553523329,3116,1,177.89
train_04964.png,7d6c6ba27cab735432121ff0654ee80e114ebd3556f032b2287b3ff553523329,3116,0,326.33
train_00231.png,7d7f130cb15eae2054abf0462d61dd26b5158eb9fef7121c32f5396ff3d18f01,3120,0,315.77
train_05178.png,7d7f130cb15eae2054abf0462d61dd26b5158eb9fef7121c32f5396ff3d18f01,3120,1,235.38
train_05647.png,7dc4db3476b2e5b1412f3f68d4c8d0668c2bbaa0317b6693278c2b23be2c1213,3126,0,332.38
train_07179.png,7dc4db3476b2e5b1412f3f68d4c8d0668c2bbaa0317b6693278c2b23be2c1213,3126,1,80.41
train_00283.png,7dcb5974604f85aaf10cf771e8590eee9833f70ff63473b5123c28e34c0bec36,3128,1,317.48
train_05576.png,7dcb5974604f85aaf10cf771e8590eee9833f70ff63473b5123c28e34c0bec36,3128,0,304.28
train_02705.png,7e1414b0797f59f33d92d8392e697d674fdad78bc796a34bdcd0aa6cf023f925,3135,0,295.43
train_03012.png,7e1414b0797f59f33d92d8392e697d674fdad78bc796a34bdcd0aa6cf023f925,3135,1,356.25
train_00803.png,7e2f1fc257da59324f76ecdef2a8c0bc01d0d266cbe66a329dec146aaa368394,3137,0,305.12
train_03906.png,7e2f1fc257da59324f76ecdef2a8c0bc01d0d266cbe66a329dec146aaa368394,3137,1,300.89
train_00203.png,7e57e4728414d6bd5fa0306b3c8809c1037586b70a30b81451c1ed587d849ed4,3142,1,189.04
train_05721.png,7e57e4728414d6bd5fa0306b3c8809c1037586b70a30b81451c1ed587d849ed4,3142,0,348.88
train_01814.png,7e5a4c94a6da1d31a32fdc842c25f39538df9140c046eef513394ae6d48cfded,3143,0,289.14
train_04595.png,7e5a4c94a6da1d31a32fdc842c25f39538df9140c046eef513394ae6d48cfded,3143,1,321.27
train_02283.png,7e60582b80541fcb52b2b19ff6e0f396142914027afd7986f532217d6f8b2f28,3144,1,118.12
train_07183.png,7e60582b80541fcb52b2b19ff6e0f396142914027afd7986f532217d6f8b2f28,3144,0,313.45
train_00225.png,7e613c2184c288ae73981ac5c792c9d97a25bf874f94c92a33c291b949c68e36,3145,1,346.74
train_00590.png,7e613c2184c288ae73981ac5c792c9d97a25bf874f94c92a33c291b949c68e36,3145,0,341.18
train_00123.png,7e66d24d4dc9464bacf17fb060d0477c5082f7ca01aaffe819deeff526c9dd4a,3146,0,302.08
train_03907.png,7e66d24d4dc9464bacf17fb060d0477c5082f7ca01aaffe819deeff526c9dd4a,3146,1,87.89
train_02109.png,7e78ea7fab55870dfba38a83218f685bdae16b04b31b3808f6dbc9eb3982382d,3147,0,299.65
train_03772.png,7e78ea7fab55870dfba38a83218f685bdae16b04b31b3808f6dbc9eb3982382d,3147,1,244.23
train_03484.png,7eae615f40d8be979cb8b9a71edb92f0555769077b93703b3fdabf9a7c68e582,3155,0,338.64
train_06496.png,7eae615f40d8be979cb8b9a71edb92f0555769077b93703b3fdabf9a7c68e582,3155,1,110.69
train_02820.png,7eb2e450e19027c037cdb678de0b5db76700c8312b4941ac3a5e7284c6bd9753,3156,0,25.39
train_03898.png,7eb2e450e19027c037cdb678de0b5db76700c8312b4941ac3a5e7284c6bd9753,3156,1,277.67
train_02384.png,7ecb30e2d337b0302532f6842afda2dba36ce3408856603461af662f87f4690d,3158,1,13.74
train_07750.png,7ecb30e2d337b0302532f6842afda2dba36ce3408856603461af662f87f4690d,3158,0,310.11
train_02745.png,7ed6224a97ba0309e1d3cfe79693f4e5df3a8aa6590684290223a385bbe4a6bf,3159,1,73.54
train_04156.png,7ed6224a97ba0309e1d3cfe79693f4e5df3a8aa6590684290223a385bbe4a6bf,3159,0,207.95
train_01891.png,7ed9dab3ca52927bc3c2a0b1bed2d67d3316992353be76b803cf0713c9db7434,3160,0,258.7
train_07295.png,7ed9dab3ca52927bc3c2a0b1bed2d67d3316992353be76b803cf0713c9db7434,3160,1,327.44
train_00890.png,7edd3b4c4373dabfca35ec8f980c9f6bbe3d7473295a94b903988aececf86935,3162,1,255.74
train_01359.png,7edd3b4c4373dabfca35ec8f980c9f6bbe3d7473295a94b903988aececf86935,3162,0,312.53
train_02429.png,7eff6757af4423921e1bab4cb07b05082ef4d2359d1b694ea250001015f2c23e,3167,1,347.73
train_04550.png,7eff6757af4423921e1bab4cb07b05082ef4d2359d1b694ea250001015f2c23e,3167,0,355.83
train_00079.png,7f43abc1c09c1ae434aa920719cee2710be7e8556a05811881b62886a56e4d30,3173,1,49.28
train_02391.png,7f43abc1c09c1ae434aa920719cee2710be7e8556a05811881b62886a56e4d30,3173,0,311.6
train_00802.png,7f857658ad148a0f09176921adc9fd253ca191c46da2d22fc051ee54b8f1fee4,3179,0,218.25
train_00899.png,7f857658ad148a0f09176921adc9fd253ca191c46da2d22fc051ee54b8f1fee4,3179,1,36.25
train_05656.png,7fdc2b2c472246f386236b6304f96ae2ed35942e06482ae4fb03fea073d72d1f,3189,1,177.86
train_05659.png,7fdc2b2c472246f386236b6304f96ae2ed35942e06482ae4fb03fea073d72d1f,3189,0,287.56
train_02064.png,8000150fa6fed549aaaf7f88f1451177a3a80e76e87882175924e1c8110152dd,3191,1,227.92
train_07566.png,8000150fa6fed549aaaf7f88f1451177a3a80e76e87882175924e1c8110152dd,3191,0,279.12
train_02288.png,80423d53316752f6f6ad72f27677d2730801d976ddfa456f4cda6d3903c64881,3195,0,355.2
train_05521.png,80423d53316752f6f6ad72f27677d2730801d976ddfa456f4cda6d3903c64881,3195,1,132.61
train_01206.png,80463fbb9987b841ebded940e3033f720b8cbf98b1d864186c56af2a776f2ddb,3196,1,238.29
train_03405.png,80463fbb9987b841ebded940e3033f720b8cbf98b1d864186c56af2a776f2ddb,3196,0,352.43
train_01073.png,8047f119a7b1812e4ae3354f76c5559a7e5477da103e7e37dc100c2f4099046d,3197,0,229.06
train_03739.png,8047f119a7b1812e4ae3354f76c5559a7e5477da103e7e37dc100c2f4099046d,3197,1,293.33
train_03260.png,804c88595e1caab9c8c3e023f1aec0d1f1180adc3d898cb433d4182fbfd66721,3198,1,103.85
train_03550.png,804c88595e1caab9c8c3e023f1aec0d1f1180adc3d898cb433d4182fbfd66721,3198,0,312.12
train_05232.png,8053575013feaeffc673d830b264f3723b465adf940e2798ca6644f21b9b2704,3199,1,312.71
train_06810.png,8053575013feaeffc673d830b264f3723b465adf940e2798ca6644f21b9b2704,3199,0,337.95
train_00921.png,8074d025ae28eb78bf98e911a2edd016a42c203abf2dc800061d4b3383207fba,3202,1,5.77
train_07718.png,8074d025ae28eb78bf98e911a2edd016a42c203abf2dc800061d4b3383207fba,3202,0,317.42
train_03454.png,80b0f8758bb86b438d8384ac0ce10d5aa3b122acf3071d68e3ceaa53230a596d,3210,0,307.58
train_06162.png,80b0f8758bb86b438d8384ac0ce10d5aa3b122acf3071d68e3ceaa53230a596d,3210,1,354.95
train_03599.png,8120058abdaad1fc9c971e2d09b2b021b4846f0cfa0e57b11bfecbd915482adf,3218,1,159.98
train_05003.png,8120058abdaad1fc9c971e2d09b2b021b4846f0cfa0e57b11bfecbd915482adf,3218,0,89.98
train_00478.png,81366a94b74c6f1a495118eaff3e5deaf4ade7a6202cb0d10a80a2eb6e21bb5b,3220,0,22.52
train_04264.png,81366a94b74c6f1a495118eaff3e5deaf4ade7a6202cb0d10a80a2eb6e21bb5b,3220,1,194.77
train_00009.png,81467dccf61cbb6409febe99a9aeba37963f8c46d2707d0a52d9807482acd0fa,3222,0,177.07
train_00265.png,81467dccf61cbb6409febe99a9aeba37963f8c46d2707d0a52d9807482acd0fa,3222,1,239.59
train_01285.png,817fb81defaf8c8f207b5549265123c225aa6a635471d64cfbf3cde363f7874e,3229,1,358.97
train_04690.png,817fb81defaf8c8f207b5549265123c225aa6a635471d64cfbf3cde363f7874e,3229,0,158.71
train_03551.png,818c286958a27b846296bd2c32d2569d5b4f9a52e8a5840d948642fb8ff7c78d,3230,0,332.39
train_07639.png,818c286958a27b846296bd2c32d2569d5b4f9a52e8a5840d948642fb8ff7c78d,3230,1,308.41
train_07272.png,81a0399df77eeead8e05a98b96150e8d10bd24e99742a4941e54c298b28ae870,3233,0,277.35
train_07843.png,81a0399df77eeead8e05a98b96150e8d10bd24e99742a4941e54c298b28ae870,3233,1,85.49
train_01689.png,81befe63360baf0be59cb4ece3a13bffb13a071803a7f7a823e15a0470be81ad,3236,1,114.77
train_02566.png,81befe63360baf0be59cb4ece3a13bffb13a071803a7f7a823e15a0470be81ad,3236,0,304.15
train_00647.png,826e868968799f83f2a8f54e54e1bc2fbdace92c3fee72e8b283412567983ea7,3253,1,75.67
train_07198.png,826e868968799f83f2a8f54e54e1bc2fbdace92c3fee72e8b283412567983ea7,3253,0,303.31
train_04779.png,8275a8b29b58ce8202c3fc61a91a3f1e4c586003ee7c6c2088c3d53f96d499e6,3256,1,124.0
train_05654.png,8275a8b29b58ce8202c3fc61a91a3f1e4c586003ee7c6c2088c3d53f96d499e6,3256,0,332.78
train_04760.png,8277043caa24434cb7978adeac57885750b1c946b156479b4122d9ee8c5accdd,3258,1,174.11
train_05031.png,8277043caa24434cb7978adeac57885750b1c946b156479b4122d9ee8c5accdd,3258,0,295.31
train_01937.png,82a0bdf6dc5a0d4a8e291fb4091a6d7fde6dba97ede81ac90e8cab21b404ba61,3263,0,270.65
train_04188.png,82a0bdf6dc5a0d4a8e291fb4091a6d7fde6dba97ede81ac90e8cab21b404ba61,3263,1,288.06
train_00224.png,82ac9e2c28beb707c0f813cd3d0080f54246d056b6630942cbce2adfc503e0b1,3266,1,32.78
train_05663.png,82ac9e2c28beb707c0f813cd3d0080f54246d056b6630942cbce2adfc503e0b1,3266,0,328.97
train_03516.png,82cd6d28e791eadd364ab03d2522339c73bcbd8893cbb7c073b3c87a7ce58024,3273,1,262.83
train_05668.png,82cd6d28e791eadd364ab03d2522339c73bcbd8893cbb7c073b3c87a7ce58024,3273,0,290.03
train_01478.png,831a06de52ff87d776d8ca0413babadca714c3165cfc70fd96dd98ecdf5f247c,3286,0,274.3
train_02925.png,831a06de52ff87d776d8ca0413babadca714c3165cfc70fd96dd98ecdf5f247c,3286,1,246.16
train_00865.png,8346712a9206f8123d0773b9db6ab7fbbdcb359dd4711f342339862dbe9f141d,3296,0,319.35
train_07147.png,8346712a9206f8123d0773b9db6ab7fbbdcb359dd4711f342339862dbe9f141d,3296,1,203.56
train_06170.png,835cddab2b276ec0765736220825fcd71e263330a29abc439c94cd8a85d47a0c,3300,0,316.74
train_06214.png,835cddab2b276ec0765736220825fcd71e263330a29abc439c94cd8a85d47a0c,3300,1,266.24
train_01540.png,837cc751f3fb8e3b6e9d256fc7b60595219eeb241a62062636108a4b0b2eb647,3302,0,308.37
train_07797.png,837cc751f3fb8e3b6e9d256fc7b60595219eeb241a62062636108a4b0b2eb647,3302,1,56.68
train_04489.png,8387a2ff9cc4e6fd5cd176e817aa006fdb11352b380dff274f1c9654eeaf4ed6,3303,1,188.36
train_05933.png,8387a2ff9cc4e6fd5cd176e817aa006fdb11352b380dff274f1c9654eeaf4ed6,3303,0,43.62
train_03003.png,83e43c58ec3e279af6c859d0e612706bf51e5934e8c8e18b880ebbeb8be20dbd,3312,0,196.36
train_05050.png,83e43c58ec3e279af6c859d0e612706bf51e5934e8c8e18b880ebbeb8be20dbd,3312,1,122.3
train_02680.png,83ee658d60c2e0d54727be3a3e99cdfea3ae50b073cb786e5deee9cf5a62c430,3315,0,336.35
train_03892.png,83ee658d60c2e0d54727be3a3e99cdfea3ae50b073cb786e5deee9cf5a62c430,3315,1,0.51
train_05784.png,83ef217c005be56843681b258d01e5d3cc8e6f68c3888e1370431fbd93c16680,3316,0,359.43
train_07470.png,83ef217c005be56843681b258d01e5d3cc8e6f68c3888e1370431fbd93c16680,3316,1,194.17
train_00073.png,83fb25c7421f664dc4d573353c8c98c0925ab1750bfdf5f325702a897c1358a5,3317,1,168.74
train_03376.png,83fb25c7421f664dc4d573353c8c98c0925ab1750bfdf5f325702a897c1358a5,3317,0,275.53
train_01238.png,840a44b940c6a6009afe644b034d0ba3e3b8422cccd02b43d61478d5a384ad94,3319,1,92.72
train_04262.png,840a44b940c6a6009afe644b034d0ba3e3b8422cccd02b43d61478d5a384ad94,3319,0,275.88
train_07079.png,8456d0a13883326d43c340369ee62740975dfe638b82d9f39e89cb0b25dfe2c4,3329,0,304.91
train_07646.png,8456d0a13883326d43c340369ee62740975dfe638b82d9f39e89cb0b25dfe2c4,3329,1,140.67
train_00790.png,8488209ad33c71e32e7926c758282c68e863afe889e005ca263a5f36f5e1c557,3331,0,356.95
train_01536.png,8488209ad33c71e32e7926c758282c68e863afe889e005ca263a5f36f5e1c557,3331,1,183.52
train_02999.png,84b14c36ad40634e245131d9ba4c01707ded67ee6bb752c6e06b1a8be3567b45,3335,1,101.4
train_06880.png,84b14c36ad40634e245131d9ba4c01707ded67ee6bb752c6e06b1a8be3567b45,3335,0,275.36
train_00148.png,84faf3026c8aa4581a9c96c42479f49caaec6542e397c3b14d9d6a50217e47ad,3343,1,212.16
train_05514.png,84faf3026c8aa4581a9c96c42479f49caaec6542e397c3b14d9d6a50217e47ad,3343,0,189.72
train_01534.png,853563fa5d02221f592cfdc0e2ff72a3a9c7e195a6c5e38d2509a6b4e6851b68,3346,1,226.52
train_02467.png,853563fa5d02221f592cfdc0e2ff72a3a9c7e195a6c5e38d2509a6b4e6851b68,3346,0,352.39
train_00184.png,853ddbdbeedf67914b8a9dbfe341d0275c0ca2824dee3c99fa78b42f927ec3e5,3348,1,322.39
train_04004.png,853ddbdbeedf67914b8a9dbfe341d0275c0ca2824dee3c99fa78b42f927ec3e5,3348,0,141.28
train_02514.png,855dcbd0b9353f765eb4a5537dcdfbc51fd1ba405f0f5d1f1b0f390fd03397a4,3351,0,343.67
train_05706.png,855dcbd0b9353f765eb4a5537dcdfbc51fd1ba405f0f5d1f1b0f390fd03397a4,3351,1,119.51
train_03513.png,856145097c43d593257a178cdca649f46afddbe12be249fbfd450401366ab19c,3354,0,345.99
train_06800.png,856145097c43d593257a178cdca649f46afddbe12be249fbfd450401366ab19c,3354,1,193.16
train_03237.png,856b6dfd194bbf34f8d0a6e2abb8b9297b7fa7fee703806a02e2781a24372578,3356,0,346.45
train_04996.png,856b6dfd194bbf34f8d0a6e2abb8b9297b7fa7fee703806a02e2781a24372578,3356,1,296.13
train_05029.png,8596b01bc3c4962a26824d8eb9b1463fb7a9f196ae07711e8d1ff8fcd47ec833,3359,0,333.43
train_05371.png,8596b01bc3c4962a26824d8eb9b1463fb7a9f196ae07711e8d1ff8fcd47ec833,3359,1,275.42
train_03953.png,85b575f8f81c8cf10db14082759dc5cd50ebb02d1d2d9f879852915a5b145839,3362,0,127.36
train_05853.png,85b575f8f81c8cf10db14082759dc5cd50ebb02d1d2d9f879852915a5b145839,3362,1,151.47
train_02968.png,85eaf021fc21c85ea9f153f85fec2812815d3fec60fe9fd8887428bf3ffd76a3,3366,0,297.11
train_04231.png,85eaf021fc21c85ea9f153f85fec2812815d3fec60fe9fd8887428bf3ffd76a3,3366,1,46.01
train_03339.png,8612ab050ec69b4db57bf68e1ae8baaa97e3dd85aedb7466fe9ba3db2f5bde7f,3370,0,271.85
train_05995.png,8612ab050ec69b4db57bf68e1ae8baaa97e3dd85aedb7466fe9ba3db2f5bde7f,3370,1,75.83
train_00006.png,8691fddf2ebf032a271209446f9bf1975c789f81ef37b1aa1f20c63e67bf3e39,3382,0,303.84
train_04407.png,8691fddf2ebf032a271209446f9bf1975c789f81ef37b1aa1f20c63e67bf3e39,3382,1,248.48
train_01042.png,86d3a070ac159fea50328fdb8370be65fd2a9e9a7e5e0baac50e9fc56a50d8eb,3385,1,33.33
train_05219.png,86d3a070ac159fea50328fdb8370be65fd2a9e9a7e5e0baac50e9fc56a50d8eb,3385,0,340.55
train_00829.png,86f32d1281b6fab8c72b51e2baec375e1c6d22a4f2e48f240e22fe5fa374dc57,3388,0,327.47
train_02453.png,86f32d1281b6fab8c72b51e2baec375e1c6d22a4f2e48f240e22fe5fa374dc57,3388,1,62.84
train_00381.png,87287350f7e44e855a0fb271a0e508d6d738e727f21984a8051526d05426ab70,3390,0,286.08
train_03110.png,87287350f7e44e855a0fb271a0e508d6d738e727f21984a8051526d05426ab70,3390,1,87.93
train_00354.png,879494c636ccf812e15940bc57f33020f610e1e762e10021738182715cd95fde,3398,0,337.52
train_05923.png,879494c636ccf812e15940bc57f33020f610e1e762e10021738182715cd95fde,3398,1,184.53
train_03399.png,884892d863a74d6c21a85b5f9c5ba029d474c27b222e70f88949712353282eb0,3408,0,358.49
train_05028.png,884892d863a74d6c21a85b5f9c5ba029d474c27b222e70f88949712353282eb0,3408,1,273.95
train_01153.png,884d0286124f64af8cefd478e0bd2e9bed033f55a01b371b7b818e2ca008a35f,3410,0,138.46
train_05058.png,884d0286124f64af8cefd478e0bd2e9bed033f55a01b371b7b818e2ca008a35f,3410,1,67.21
train_01005.png,886cd1c95c0c4b0be3f2b94144bb70cea3ac142807b1e8b318bd13ef19fbf667,3412,1,44.37
train_04453.png,886cd1c95c0c4b0be3f2b94144bb70cea3ac142807b1e8b318bd13ef19fbf667,3412,0,168.37
train_02908.png,88f7680c4516803a8e3a619db3365fb3a381dee7a8b6d04c5dbbe39bd6837b07,3425,1,87.61
train_05665.png,88f7680c4516803a8e3a619db3365fb3a381dee7a8b6d04c5dbbe39bd6837b07,3425,0,316.77
train_03276.png,89622cf1ba941494ad1d3a7610a5b7a253b2393b4807802c2c2c59d6493183e0,3432,0,327.39
train_06194.png,89622cf1ba941494ad1d3a7610a5b7a253b2393b4807802c2c2c59d6493183e0,3432,1,148.14
train_01490.png,896600e91e3c569c2a96300ddb8d0481dea95b1d45ec2d2aa1189ad6eafea582,3433,1,184.47
train_06183.png,896600e91e3c569c2a96300ddb8d0481dea95b1d45ec2d2aa1189ad6eafea582,3433,0,315.84
train_02531.png,8972787274e66c422776b289b4d05c9081263bac38131c70d25229c09fd72796,3434,1,7.98
train_02724.png,8972787274e66c422776b289b4d05c9081263bac38131c70d25229c09fd72796,3434,0,326.25
train_00658.png,89972f0fcbd5c17062908af41de0ee4a11e38a42a97b22632561327a3a63ec42,3438,1,191.53
train_05333.png,89972f0fcbd5c17062908af41de0ee4a11e38a42a97b22632561327a3a63ec42,3438,0,18.84
train_01846.png,89bed56c9cc2233e4bba0917e5979cafeeab02921a92cdf58abff871145f9d11,3441,1,234.48
train_02754.png,89bed56c9cc2233e4bba0917e5979cafeeab02921a92cdf58abff871145f9d11,3441,0,96.13
train_03403.png,89c021212391b2811fc4667b208adbed1ba727bc27c93c72a02eddb80c8be980,3442,1,121.08
train_05999.png,89c021212391b2811fc4667b208adbed1ba727bc27c93c72a02eddb80c8be980,3442,0,304.76
train_02859.png,89f5f170610f7df2d7829c9eab93d25df1c4823475a7dc6832c5dfee76e20596,3445,0,190.15
train_03223.png,89f5f170610f7df2d7829c9eab93d25df1c4823475a7dc6832c5dfee76e20596,3445,1,27.39
train_01248.png,89fabbdaf4e55563c3858d85654139cc1d37307bcb0154d791b9e3895a9b5458,3446,0,281.79
train_03561.png,89fabbdaf4e55563c3858d85654139cc1d37307bcb0154d791b9e3895a9b5458,3446,1,21.44
train_01169.png,8a5ad9181257e03aa7c308243643ae23edc3c1b6d63fed2720e8fb0bc259d375,3453,0,53.73
train_07114.png,8a5ad9181257e03aa7c308243643ae23edc3c1b6d63fed2720e8fb0bc259d375,3453,1,293.12
train_02425.png,8a60c478a0c2514e41627ec9a816b6039f6b128d680f8fc561920e89523f0d70,3455,1,318.68
train_07054.png,8a60c478a0c2514e41627ec9a816b6039f6b128d680f8fc561920e89523f0d70,3455,0,274.87
train_02208.png,8a874b70c6e3bdc6df909ad9434bd5f29bbabc1d78f4cadd42030976cec91411,3459,0,304.38
train_06042.png,8a874b70c6e3bdc6df909ad9434bd5f29bbabc1d78f4cadd42030976cec91411,3459,1,228.6
train_00393.png,8b24743ad9aff96f48e17e23616680b9a9281466a1c2347995c6464d90d81452,3475,0,302.56
train_01050.png,8b24743ad9aff96f48e17e23616680b9a9281466a1c2347995c6464d90d81452,3475,1,197.06
train_02946.png,8b3f6694be03424dc40ac621a8e694c8ffd9da35e22cf7f44106b6e132b32b20,3478,0,116.26
train_07400.png,8b3f6694be03424dc40ac621a8e694c8ffd9da35e22cf7f44106b6e132b32b20,3478,1,353.86
train_02084.png,8b4665951ffe123543a04bf84a59e87a4426466d61c710eaa0d022e3ae7a9d0c,3479,1,14.58
train_05535.png,8b4665951ffe123543a04bf84a59e87a4426466d61c710eaa0d022e3ae7a9d0c,3479,0,324.42
train_00815.png,8bae12e6a35f7769ecd11319e001f3a43c3340a28a64931515dea748cf977860,3490,1,118.46
train_05742.png,8bae12e6a35f7769ecd11319e001f3a43c3340a28a64931515dea748cf977860,3490,0,294.79
train_00414.png,8bb86f134894ebb73ae0f00f4ae28bbadc97ec018213fb9fd50e7090b39c6ed0,3492,0,291.92
train_07748.png,8bb86f134894ebb73ae0f00f4ae28bbadc97ec018213fb9fd50e7090b39c6ed0,3492,1,84.09
train_02983.png,8be4641c186d45a7d17bc1e30f8090574c1e61bf6d97f8e4858a9e1ba4e88ba7,3496,1,241.96
train_02990.png,8be4641c186d45a7d17bc1e30f8090574c1e61bf6d97f8e4858a9e1ba4e88ba7,3496,0,61.11
train_01486.png,8c4b2a4841a498cba7ef2f4e7f4dc0382b2b1a2ac2143b5828df71873f46f851,3505,1,129.07
train_05400.png,8c4b2a4841a498cba7ef2f4e7f4dc0382b2b1a2ac2143b5828df71873f46f851,3505,0,276.2
train_00416.png,8cd3f1edc81a35a4017055d3c0162992f82b032820933f0381d7f214de01a8a3,3509,1,175.11
train_07469.png,8cd3f1edc81a35a4017055d3c0162992f82b032820933f0381d7f214de01a8a3,3509,0,238.92
train_01004.png,8ce529b21aabc22c0e4f9b49aef1aa73210e68d2bdba462b1b2ca74d48eb5817,3512,1,221.54
train_04125.png,8ce529b21aabc22c0e4f9b49aef1aa73210e68d2bdba462b1b2ca74d48eb5817,3512,0,299.68
train_01250.png,8cfade088d10dd97794ab64c40ca4b503d61c3e5bb9ee6c4b66957a622279b6c,3515,0,321.23
train_01652.png,8cfade088d10dd97794ab64c40ca4b503d61c3e5bb9ee6c4b66957a622279b6c,3515,1,278.52
train_06477.png,8d1c631bfa8c5d311070e37c836f56577863fddafc3db9eaa444ca27c5a24c85,3517,0,273.35
train_06495.png,8d1c631bfa8c5d311070e37c836f56577863fddafc3db9eaa444ca27c5a24c85,3517,1,116.59
train_00241.png,8dc9159f6d68112f5201b4618ebb19bfcef82341a45ea60826698bdbe9bb4b54,3529,0,297.29
train_06790.png,8dc9159f6d68112f5201b4618ebb19bfcef82341a45ea60826698bdbe9bb4b54,3529,1,151.3
train_03878.png,8dd5078f50f67aa938b819d83b94b235e90b8eff2227b4ece44313899b0c6370,3532,1,205.29
train_07270.png,8dd5078f50f67aa938b819d83b94b235e90b8eff2227b4ece44313899b0c6370,3532,0,286.58
train_01401.png,8de8f9ace7f4d26c43926f71e5f3723c78eec7c522411b7ef3fcc7136dbeaa4c,3536,0,329.55
train_03709.png,8de8f9ace7f4d26c43926f71e5f3723c78eec7c522411b7ef3fcc7136dbeaa4c,3536,1,50.7
train_03633.png,8defe3e465782c9fd852ff72aa28f81123d322c526aac08cf05ebbff9605b1e5,3537,1,223.67
train_06873.png,8defe3e465782c9fd852ff72aa28f81123d322c526aac08cf05ebbff9605b1e5,3537,0,317.33
train_06503.png,8e373e79dd89afe8942f69c823fa791c9b001a17863156df9fc9ff03e9e548bc,3541,1,292.41
train_07587.png,8e373e79dd89afe8942f69c823fa791c9b001a17863156df9fc9ff03e9e548bc,3541,0,322.24
train_02789.png,8e4bfc8482a28514a67b9ae417b69600d7fa4eb9aa248c7e59de83d8080f7e21,3543,1,90.47
train_07039.png,8e4bfc8482a28514a67b9ae417b69600d7fa4eb9aa248c7e59de83d8080f7e21,3543,0,294.2
train_06474.png,8e6853d42c86f8c607b430b860efac7d98e79d6457737e15d0f2155f6c8f8248,3547,1,154.11
train_06528.png,8e6853d42c86f8c607b430b860efac7d98e79d6457737e15d0f2155f6c8f8248,3547,0,310.96
train_02922.png,8e87ae332cc29d75a88d27b18cf2c85a0e8b4f8746814296bcbcac8cdc5f8e26,3550,1,353.97
train_04575.png,8e87ae332cc29d75a88d27b18cf2c85a0e8b4f8746814296bcbcac8cdc5f8e26,3550,0,91.58
train_00022.png,8e8bc06471827f9b4d89801efb956ed0e94a93b71be775e47aa2e3d373093192,3551,0,276.76
train_01439.png,8e8bc06471827f9b4d89801efb956ed0e94a93b71be775e47aa2e3d373093192,3551,1,351.57
train_02202.png,8e9042ac3705085407067dc1da6b3307e532111b94b3ba3461aa4eafaf71c1a9,3553,1,278.41
train_06248.png,8e9042ac3705085407067dc1da6b3307e532111b94b3ba3461aa4eafaf71c1a9,3553,0,276.86
train_03381.png,8eff008ceb50238b4373c392ac14941b7c53d5f13451e6b6ba983ecbf9a3307f,3569,1,30.48
train_04450.png,8eff008ceb50238b4373c392ac14941b7c53d5f13451e6b6ba983ecbf9a3307f,3569,0,331.56
train_02106.png,8f0fdd08c82950fe34a214f03bb20152583f91e53fc5c8843c99a93162231182,3571,1,229.19
train_03016.png,8f0fdd08c82950fe34a214f03bb20152583f91e53fc5c8843c99a93162231182,3571,0,291.52
train_04350.png,8f4c643e743934145773ba74c095c55d40161bb8058559267b91db5378d76d53,3574,1,134.99
train_05873.png,8f4c643e743934145773ba74c095c55d40161bb8058559267b91db5378d76d53,3574,0,340.1
train_01950.png,8fd4e4a54e419f25dea362fcf39e436f13e73809efd5153acb405a569faa8a68,3589,0,328.41
train_07594.png,8fd4e4a54e419f25dea362fcf39e436f13e73809efd5153acb405a569faa8a68,3589,1,106.8
train_00481.png,90186a051368c6dc62e2f279dea2ec620e924e0a599b3ae14afaee2a9d9061ac,3595,1,15.56
train_01737.png,90186a051368c6dc62e2f279dea2ec620e924e0a599b3ae14afaee2a9d9061ac,3595,0,321.82
train_00592.png,901dd5ee0887ea54372e5524c8867845cc11c6997aec9ce3fe3d29dd3f7cbd08,3596,1,76.28
train_01000.png,901dd5ee0887ea54372e5524c8867845cc11c6997aec9ce3fe3d29dd3f7cbd08,3596,0,340.43
train_04828.png,902c892c554f540e45ed9ac6d059e4242abdee0d50762ee6582640dc352735fa,3597,0,313.71
train_05418.png,902c892c554f540e45ed9ac6d059e4242abdee0d50762ee6582640dc352735fa,3597,1,225.95
train_02849.png,906ae9f67317f5aeb2d7b3ac7002d713ebb6cdf2d5b9af438d116a9dfe900504,3604,1,153.79
train_06672.png,906ae9f67317f5aeb2d7b3ac7002d713ebb6cdf2d5b9af438d116a9dfe900504,3604,0,294.04
train_01594.png,906d3cadcbf7d27d200fa6da603000eeb129912c9b1e8064ecd9a68153453b78,3605,1,181.47
train_03334.png,906d3cadcbf7d27d200fa6da603000eeb129912c9b1e8064ecd9a68153453b78,3605,0,316.12
train_00146.png,912c3dd829d02b7dd1f1d441229dabf31e583009c1ba5ca9043edfb9d8d63f70,3620,1,314.64
train_05056.png,912c3dd829d02b7dd1f1d441229dabf31e583009c1ba5ca9043edfb9d8d63f70,3620,0,289.83
train_05010.png,91c472d7919153479b3f67c8181c986dd29c5776bc98c4f9480f1857f37deab2,3633,0,334.52
train_05790.png,91c472d7919153479b3f67c8181c986dd29c5776bc98c4f9480f1857f37deab2,3633,1,67.8
train_00715.png,91db3f9e1698ee7880d29d456829ac77925691cd46e7dc40ea750482a6659d83,3635,0,38.38
train_01497.png,91db3f9e1698ee7880d29d456829ac77925691cd46e7dc40ea750482a6659d83,3635,1,5.53
train_05729.png,9214a6e49c59fb3ab323beeb09c02a944d6f3c1927b621c5dd336ecfe0ff394d,3640,0,302.11
train_07851.png,9214a6e49c59fb3ab323beeb09c02a944d6f3c1927b621c5dd336ecfe0ff394d,3640,1,62.66
train_00029.png,926b7f4682fca88787b50066d9565fc08f58d27183a80bfab465a06cfb041ec9,3650,0,278.81
train_00424.png,926b7f4682fca88787b50066d9565fc08f58d27183a80bfab465a06cfb041ec9,3650,1,54.58
train_05669.png,929693f9c2723c265fb3a4db1c873d0c4a014504c299fb025ff5c491e4680205,3654,0,281.94
train_06661.png,929693f9c2723c265fb3a4db1c873d0c4a014504c299fb025ff5c491e4680205,3654,1,162.44
train_01680.png,92a128ffa8072b8299c159889018929b9a57bee8b8e2b98144d1dc42cc196ed7,3655,0,287.07
train_07661.png,92a128ffa8072b8299c159889018929b9a57bee8b8e2b98144d1dc42cc196ed7,3655,1,74.84
train_01084.png,92c1bf2160b36281bcb64902bd3943a79565497faf6c5377389c15247ac669a5,3657,0,290.23
train_02212.png,92c1bf2160b36281bcb64902bd3943a79565497faf6c5377389c15247ac669a5,3657,1,69.89
train_00471.png,92cddcbd6f597041646837173776dea956690aaf317153c449293ea1dbb34bbd,3658,1,231.38
train_02965.png,92cddcbd6f597041646837173776dea956690aaf317153c449293ea1dbb34bbd,3658,0,357.31
train_03375.png,92d8f4d90ac5fd66f122ecc606aaffc7981f7e2a6a3b352b61e30e4d77d65a90,3659,1,297.72
train_06379.png,92d8f4d90ac5fd66f122ecc606aaffc7981f7e2a6a3b352b61e30e4d77d65a90,3659,0,332.36
train_01472.png,932fdeb324a58aa641309354b869fa8083d3162d940ab150a9d2c2b2e11809ba,3665,1,219.59
train_06050.png,932fdeb324a58aa641309354b869fa8083d3162d940ab150a9d2c2b2e11809ba,3665,0,289.37
train_02443.png,933d8d6dd51f2c72ff495b38f763c5afcd641b96f66ffc33b3bae352bec45695,3666,0,326.51
train_04589.png,933d8d6dd51f2c72ff495b38f763c5afcd641b96f66ffc33b3bae352bec45695,3666,1,264.94
train_07084.png,934740000f54cc66cf7621db5bc012d231dd7d396a60c3f0bb396d7a124f80f2,3667,0,299.58
train_07187.png,934740000f54cc66cf7621db5bc012d231dd7d396a60c3f0bb396d7a124f80f2,3667,1,132.81
train_02892.png,93a611b9c2a6ead5ca5fa8772e748bef2b192e687753db481e5016383efb72ef,3675,1,27.96
train_04143.png,93a611b9c2a6ead5ca5fa8772e748bef2b192e687753db481e5016383efb72ef,3675,0,359.84
train_05080.png,93d13cae0897a8c295511eb45df41667b3845690b8a85e25a36388875fafbe58,3677,1,268.91
train_07353.png,93d13cae0897a8c295511eb45df41667b3845690b8a85e25a36388875fafbe58,3677,0,331.21
train_03749.png,93f03dbf7e8c0026f17b4193253f5ccb6cacea4ee26211785d0cca869aba3f87,3681,0,325.04
train_06288.png,93f03dbf7e8c0026f17b4193253f5ccb6cacea4ee26211785d0cca869aba3f87,3681,1,114.1
train_02632.png,947c7b19498401f101657b4d71174ef1b08a54fa98b9a16347c4a2d26f001cad,3690,0,274.9
train_03197.png,947c7b19498401f101657b4d71174ef1b08a54fa98b9a16347c4a2d26f001cad,3690,1,147.71
train_04159.png,9480d2757b6031ecad21eda92befbb1e5db76770cf696c1ba8ebf636be3e84f1,3692,0,287.89
train_07512.png,9480d2757b6031ecad21eda92befbb1e5db76770cf696c1ba8ebf636be3e84f1,3692,1,322.51
train_06064.png,94e48c71bb38e28f1a8cd9ed7c67ea20557fd38bccee9b2d0c629e58b29f250b,3702,0,278.81
train_06982.png,94e48c71bb38e28f1a8cd9ed7c67ea20557fd38bccee9b2d0c629e58b29f250b,3702,1,264.76
train_03220.png,94ecc7ffcaea948a25aa899d8e479201fb9adc334d35d9f964d0b315d1ddb340,3703,1,69.96
train_06325.png,94ecc7ffcaea948a25aa899d8e479201fb9adc334d35d9f964d0b315d1ddb340,3703,0,23.96
train_02056.png,94fa4c55949a5ca40b41d75b16062a2efb29ba0c6f9a1914082d461624e04f5a,3705,1,168.55
train_06196.png,94fa4c55949a5ca40b41d75b16062a2efb29ba0c6f9a1914082d461624e04f5a,3705,0,309.98
train_00491.png,953a9c44e42978933f37d087e4488d5caa82ddc6a1d4c2671c3d1a8aee78f8b9,3708,1,178.69
train_03111.png,953a9c44e42978933f37d087e4488d5caa82ddc6a1d4c2671c3d1a8aee78f8b9,3708,0,27.79
train_02396.png,95480f61942e589abb267546b9149ff68a458e8172e587148b10daa21fc6fac3,3709,1,329.93
train_05419.png,95480f61942e589abb267546b9149ff68a458e8172e587148b10daa21fc6fac3,3709,0,334.15
train_00425.png,9577ff5bf2f4f8e63b8239bb6f9418d210333634094f0f8626696f868e1722c6,3715,1,232.8
train_02666.png,9577ff5bf2f4f8e63b8239bb6f9418d210333634094f0f8626696f868e1722c6,3715,0,313.84
train_01941.png,958034027d670118b69529b194b6d840ba6a9a8437a236e530fedd40d96106ab,3716,0,304.47
train_04337.png,958034027d670118b69529b194b6d840ba6a9a8437a236e530fedd40d96106ab,3716,1,113.33
train_01545.png,95b0a030911f81abd6398357480d12e808b56b4b83889d519ae4e06fe50597f4,3718,0,316.43
train_06811.png,95b0a030911f81abd6398357480d12e808b56b4b83889d519ae4e06fe50597f4,3718,1,207.69
train_00301.png,95ef849b480385d2caab799657c6fb88fa4d0c82c707432f0bb9800e94c4a963,3729,1,133.46
train_04749.png,95ef849b480385d2caab799657c6fb88fa4d0c82c707432f0bb9800e94c4a963,3729,0,354.38
train_02143.png,9614c4c7d6615e3b91d70157d7527da192b5b3854279821335020d755fbec8fb,3734,0,290.58
train_07659.png,9614c4c7d6615e3b91d70157d7527da192b5b3854279821335020d755fbec8fb,3734,1,105.24
train_07068.png,9627bd8f7fadd21d7e345132358f386456576ecc69f5a82bef75fcb4b0427c5e,3735,1,270.47
train_07815.png,9627bd8f7fadd21d7e345132358f386456576ecc69f5a82bef75fcb4b0427c5e,3735,0,295.51
train_01815.png,96c13807dc92c50df914472489f310dec3a95e77f090bd4d2f4866727f725927,3745,0,306.11
train_07570.png,96c13807dc92c50df914472489f310dec3a95e77f090bd4d2f4866727f725927,3745,1,323.53
train_02720.png,96e0dc7cba571bbe9cd69dc2c33d9c4b80fff7ccc0cbaf2a85f80a0b043ef610,3751,1,81.97
train_04912.png,96e0dc7cba571bbe9cd69dc2c33d9c4b80fff7ccc0cbaf2a85f80a0b043ef610,3751,0,130.43
train_00777.png,96ed32801b59fe733bb7ed469926e42a35bfb39d721135f648d36b019ec747a9,3752,0,290.86
train_07530.png,96ed32801b59fe733bb7ed469926e42a35bfb39d721135f648d36b019ec747a9,3752,1,161.69
train_06013.png,970cf3e067f5ac83c8e6b2caef1fc81e9eb31df1a1babf92a49c71255ef77791,3757,0,284.26
train_07549.png,970cf3e067f5ac83c8e6b2caef1fc81e9eb31df1a1babf92a49c71255ef77791,3757,1,61.4
train_00769.png,97281af0d53312e7874d60d2e3e27b231a21cc8e8f8dc4ed70632a803188c96d,3759,1,38.38
train_02204.png,97281af0d53312e7874d60d2e3e27b231a21cc8e8f8dc4ed70632a803188c96d,3759,0,289.8
train_01988.png,979c278cd26d30dc5845b65b593bb079e452a72198cc67fea1bd2c7c5fdc002e,3770,0,296.15
train_03966.png,979c278cd26d30dc5845b65b593bb079e452a72198cc67fea1bd2c7c5fdc002e,3770,1,204.44
train_05837.png,97a610f59c0a07e988bdc959ffc83749b9d256203086e7df88049356ea323788,3771,1,61.91
train_06523.png,97a610f59c0a07e988bdc959ffc83749b9d256203086e7df88049356ea323788,3771,0,334.49
train_01487.png,97dcf3fc36596810429864e8ec7884d9af4808ca1c74b02a89935871d76da4fa,3775,1,100.88
train_05677.png,97dcf3fc36596810429864e8ec7884d9af4808ca1c74b02a89935871d76da4fa,3775,0,289.25
train_03123.png,985c40ba47151153cdfb7083a0648b97a13cc378ede64f08c484303c05c18e04,3798,0,346.23
train_06355.png,985c40ba47151153cdfb7083a0648b97a13cc378ede64f08c484303c05c18e04,3798,1,179.28
train_04946.png,9875623638cbda2cf1d18dea810994ffbf8d7aa687d1aa4db5e5543ca6f45fda,3802,0,301.86
train_06365.png,9875623638cbda2cf1d18dea810994ffbf8d7aa687d1aa4db5e5543ca6f45fda,3802,1,177.77
train_05633.png,9896d08c7eeb25a2ea766615ad6d248002983e89f09c129c97b641ef474942d0,3805,1,185.11
train_05847.png,9896d08c7eeb25a2ea766615ad6d248002983e89f09c129c97b641ef474942d0,3805,0,279.65
train_01794.png,98a5e05ddedff16da7c5973861f5125149124df02e842fc19f9ba44c9ba491be,3807,0,307.2
train_05432.png,98a5e05ddedff16da7c5973861f5125149124df02e842fc19f9ba44c9ba491be,3807,1,129.54
train_01773.png,98ae16949d0956e4b5c7268e0a845ad25a481774436a6fbd0952f9706cddbb26,3811,0,340.98
train_04773.png,98ae16949d0956e4b5c7268e0a845ad25a481774436a6fbd0952f9706cddbb26,3811,1,141.57
train_02360.png,9936941caa71adf71c4c457b07204d2bb0c71417cc5f8871ff25ad3c33497877,3824,0,296.64
train_07684.png,9936941caa71adf71c4c457b07204d2bb0c71417cc5f8871ff25ad3c33497877,3824,1,317.25
train_01996.png,993ebd174aadcd0995f8438763f97adfcf68ac1d38aff87a615df8a3d769116d,3827,0,328.39
train_02397.png,993ebd174aadcd0995f8438763f97adfcf68ac1d38aff87a615df8a3d769116d,3827,1,162.67
train_01065.png,99df6098fc4d50474649b4fd3dc65400b68a62cd9b8ed7da3d1b777bfcb6ea39,3842,0,296.9
train_01231.png,99df6098fc4d50474649b4fd3dc65400b68a62cd9b8ed7da3d1b777bfcb6ea39,3842,1,183.56
train_00603.png,99fd0a2d3151bb78ac93674272a718d5e991b04294b69adc79bb4314adecadee,3847,1,195.66
train_04667.png,99fd0a2d3151bb78ac93674272a718d5e991b04294b69adc79bb4314adecadee,3847,0,358.62
train_01052.png,9ab0f19d3315a2143226a2c83be321397add5964df619bbf0204c5a050863dcf,3863,1,196.6
train_02776.png,9ab0f19d3315a2143226a2c83be321397add5964df619bbf0204c5a050863dcf,3863,0,320.81
train_04297.png,9aba1aeee77a5fc969dd93c590e588e8550bf11ccdf62a55cce4c8d58b6cdee7,3865,0,311.51
train_07695.png,9aba1aeee77a5fc969dd93c590e588e8550bf11ccdf62a55cce4c8d58b6cdee7,3865,1,151.15
train_01180.png,9b03ce11d6001bc8af9b786ce4bf9f002f62a36d33b632238cd1cf8210d3a4c8,3874,0,69.74
train_01624.png,9b03ce11d6001bc8af9b786ce4bf9f002f62a36d33b632238cd1cf8210d3a4c8,3874,1,230.26
train_02804.png,9b09af857d6807906ee20e6a81f88f3e4318fab122e0dd4fea0f79d0d7239076,3876,0,14.16
train_04823.png,9b09af857d6807906ee20e6a81f88f3e4318fab122e0dd4fea0f79d0d7239076,3876,1,210.18
train_03194.png,9b356ccf9fc96f66a924e5a6c4d101647f970fa6db73953b8ad65a22bcda11ed,3880,0,336.54
train_07106.png,9b356ccf9fc96f66a924e5a6c4d101647f970fa6db73953b8ad65a22bcda11ed,3880,1,65.87
train_02657.png,9b4314b8f6fa0a1348bc9b855cf478c083e43116609a1a55a1e477ca04f8227c,3881,0,304.24
train_04599.png,9b4314b8f6fa0a1348bc9b855cf478c083e43116609a1a55a1e477ca04f8227c,3881,1,160.55
train_01211.png,9b810c52189b257e690c00921b0ae97069c096bb84dcea1d98b7f38717ae3867,3894,1,33.45
train_01985.png,9b810c52189b257e690c00921b0ae97069c096bb84dcea1d98b7f38717ae3867,3894,0,309.36
train_02655.png,9b901bffbdad2edc0408a0422fae12b466753f077cb721e3459beda4b6d64fb4,3898,1,158.86
train_07724.png,9b901bffbdad2edc0408a0422fae12b466753f077cb721e3459beda4b6d64fb4,3898,0,312.81
train_04893.png,9c095f563605e924d8f3d94a0325eb7e998985acdebd6bd45626f0c94ff946d2,3904,1,62.74
train_07363.png,9c095f563605e924d8f3d94a0325eb7e998985acdebd6bd45626f0c94ff946d2,3904,0,296.09
train_02130.png,9c0c9cfb4dc4727fd6b26a715d4ceedb7eb26699fe30c959058abb7ba67f203f,3905,0,305.43
train_05444.png,9c0c9cfb4dc4727fd6b26a715d4ceedb7eb26699fe30c959058abb7ba67f203f,3905,1,59.45
train_03537.png,9c21e2cb9e428425bed7464a67f02541f4778524c1afc4988715e304798b2899,3909,0,273.88
train_07148.png,9c21e2cb9e428425bed7464a67f02541f4778524c1afc4988715e304798b2899,3909,1,55.78
train_01665.png,9c46b73c055c18a297b15c6ff3dd33e568f8571c4775103331b49386f352a5ed,3914,0,273.96
train_03951.png,9c46b73c055c18a297b15c6ff3dd33e568f8571c4775103331b49386f352a5ed,3914,1,327.84
train_03441.png,9c6bde556837e37584869c64265e3f16a9b699ff08a27dc1e5c7a8b2f93fb24c,3919,1,82.55
train_06560.png,9c6bde556837e37584869c64265e3f16a9b699ff08a27dc1e5c7a8b2f93fb24c,3919,0,308.42
train_00833.png,9c6d1ca4312bb7a48e619ff2e6fbab4b2b77f0656fd9d68d718361c07a4d9972,3920,0,290.75
train_07073.png,9c6d1ca4312bb7a48e619ff2e6fbab4b2b77f0656fd9d68d718361c07a4d9972,3920,1,334.0
train_04312.png,9c8256d87880dcda5d06005aed1ef38faaf9c861ebc3075e55f26e8d814a7cd0,3923,0,338.37
train_06060.png,9c8256d87880dcda5d06005aed1ef38faaf9c861ebc3075e55f26e8d814a7cd0,3923,1,209.74
train_00326.png,9c933ca7df8cd02f5ef2e4b4f3337c858a4dbbc357bb244fa30999c4786cc010,3924,0,310.67
train_03851.png,9c933ca7df8cd02f5ef2e4b4f3337c858a4dbbc357bb244fa30999c4786cc010,3924,1,299.54
train_01064.png,9cb1734bcdca6db6a0608e3211ba17d6840ba74296a6b53fac898d155120a695,3932,1,87.78
train_01877.png,9cb1734bcdca6db6a0608e3211ba17d6840ba74296a6b53fac898d155120a695,3932,0,317.67
train_01720.png,9d73f20524ee6fd9c58a99a920ee347ff73547f8f16f56975a3ee984b8f1df0c,3945,1,102.02
train_07810.png,9d73f20524ee6fd9c58a99a920ee347ff73547f8f16f56975a3ee984b8f1df0c,3945,0,182.6
train_02577.png,9d9f2df18d3277a47588ef8d9300d7ca234d8d5665690728f33ab82c4035629f,3953,1,210.1
train_07834.png,9d9f2df18d3277a47588ef8d9300d7ca234d8d5665690728f33ab82c4035629f,3953,0,285.36
train_04255.png,9e3196d03ffcd02348e533d8a31896726472beb5908d9b4c8bb574d5da0874f3,3966,0,145.92
train_05390.png,9e3196d03ffcd02348e533d8a31896726472beb5908d9b4c8bb574d5da0874f3,3966,1,166.62
train_05763.png,9e4f9ff9af2b0f8ef5991a722596bd45ae526a66964dc769382eb89b7afa88cd,3967,1,357.1
train_06561.png,9e4f9ff9af2b0f8ef5991a722596bd45ae526a66964dc769382eb89b7afa88cd,3967,0,309.4
train_00317.png,9e713ace7ad726fb64c7b0d7358057c1fb79655612008f351b6a31f0c8e56a85,3973,1,299.83
train_07409.png,9e713ace7ad726fb64c7b0d7358057c1fb79655612008f351b6a31f0c8e56a85,3973,0,356.2
train_04746.png,9f035345f4909747db38c5beb9d89a024169b351586859a09df6707b1e20b017,3986,0,274.0
train_06267.png,9f035345f4909747db38c5beb9d89a024169b351586859a09df6707b1e20b017,3986,1,129.31
train_02370.png,9f052784836cd54d72ef12bbd33bf1e414c561902168eb544bc78ccfb9d98401,3988,0,353.07
train_06812.png,9f052784836cd54d72ef12bbd33bf1e414c561902168eb544bc78ccfb9d98401,3988,1,133.71
train_00300.png,9f4e623fbf747e977221bb8a486932af709c7efa8b78c462180532f7db22e700,3993,0,276.19
train_07546.png,9f4e623fbf747e977221bb8a486932af709c7efa8b78c462180532f7db22e700,3993,1,46.29
train_00342.png,9f6130d43fce8a843515ea999315652fbb0c69cf11ac5e4bf8a0c2267cb08804,3994,0,132.42
train_05751.png,9f6130d43fce8a843515ea999315652fbb0c69cf11ac5e4bf8a0c2267cb08804,3994,1,182.3
train_00597.png,9f7d94bbe553228214497170850b1b5e9592620229fe6fb190fe21570e1e4342,3996,1,23.7
train_03263.png,9f7d94bbe553228214497170850b1b5e9592620229fe6fb190fe21570e1e4342,3996,0,333.99
train_03401.png,9fbb11d7fe82c39cfea7955d399df9bef6dd77c8de08a309210a2807cfb2271a,4002,1,90.69
train_04058.png,9fbb11d7fe82c39cfea7955d399df9bef6dd77c8de08a309210a2807cfb2271a,4002,0,288.29
train_01843.png,9fbfeefef4a766018eeaae6d61b60f24f65d980f9646c55a5ae3b50113903afb,4003,0,289.57
train_05286.png,9fbfeefef4a766018eeaae6d61b60f24f65d980f9646c55a5ae3b50113903afb,4003,1,212.76
train_00452.png,9fd47e89c4a420cf3d9a6c04969d34f76a0c1f13a57b10bb0c48b0bc74fe0153,4004,1,289.68
train_02952.png,9fd47e89c4a420cf3d9a6c04969d34f76a0c1f13a57b10bb0c48b0bc74fe0153,4004,0,280.74
train_01060.png,a0077e86da07c8d3ec182a650e7437f34eb0e4e9f2b5c0605053ebb64b83d2a4,4011,1,114.4
train_01631.png,a0077e86da07c8d3ec182a650e7437f34eb0e4e9f2b5c0605053ebb64b83d2a4,4011,0,295.02
train_01837.png,a0168e84b7655f161fc0b9b222179f2e6457a5c02cde95ef430df9edcd1611de,4012,1,291.45
train_03630.png,a0168e84b7655f161fc0b9b222179f2e6457a5c02cde95ef430df9edcd1611de,4012,0,131.43
train_01278.png,a08b00ed75fd7ced1161d36fb7b645a56fe8e6547c5d55abac1eb6a8ae73f9c5,4025,1,35.73
train_03300.png,a08b00ed75fd7ced1161d36fb7b645a56fe8e6547c5d55abac1eb6a8ae73f9c5,4025,0,125.95
train_03764.png,a099bf5562ad3867a6c8f03fc5889d8adaceb1cbf966711817c68b844ec92c4d,4027,1,48.74
train_04721.png,a099bf5562ad3867a6c8f03fc5889d8adaceb1cbf966711817c68b844ec92c4d,4027,0,236.39
train_01984.png,a0bbe6b1b7e93a08aefa97e658c4102ae0617c6d319ba8aafd945fe437993263,4028,1,13.05
train_02301.png,a0bbe6b1b7e93a08aefa97e658c4102ae0617c6d319ba8aafd945fe437993263,4028,0,282.15
train_02829.png,a0c801b1d0b59c771bcbb471968bcf6eec66a43af5667bb43935a473069558aa,4029,1,73.44
train_05872.png,a0c801b1d0b59c771bcbb471968bcf6eec66a43af5667bb43935a473069558aa,4029,0,43.11
train_02189.png,a0ed64b71236c61003f0ed6f77d3b6383434b0cd146a507facb38e499c280ff0,4031,1,43.67
train_06415.png,a0ed64b71236c61003f0ed6f77d3b6383434b0cd146a507facb38e499c280ff0,4031,0,296.38
train_01489.png,a13876dbd41ea24260682a8c660c476bccb05db02b639349dbd1230bc1b9c986,4038,0,294.16
train_05332.png,a13876dbd41ea24260682a8c660c476bccb05db02b639349dbd1230bc1b9c986,4038,1,351.21
train_00145.png,a161c050f97c4297a8c5df6b7accda983a3bb1ea0d8eb3deadf867b77581f7ea,4042,0,337.02
train_06289.png,a161c050f97c4297a8c5df6b7accda983a3bb1ea0d8eb3deadf867b77581f7ea,4042,1,189.88
train_02091.png,a16d22ec3832b207082ffc82cd53db33c2bde2b73547c5df92f19bdf358be311,4044,0,342.18
train_06386.png,a16d22ec3832b207082ffc82cd53db33c2bde2b73547c5df92f19bdf358be311,4044,1,84.92
train_02687.png,a1a08eeaefc9f0efaf7fd62b338d8ea1267d7435ebea24796389e43127c8fca3,4048,0,356.98
train_03890.png,a1a08eeaefc9f0efaf7fd62b338d8ea1267d7435ebea24796389e43127c8fca3,4048,1,105.13
train_01364.png,a1a84b58db9bdf11659af50a69750c9965b6063dbc5c55ce5dcc7731a1fca4a8,4049,0,310.26
train_03124.png,a1a84b58db9bdf11659af50a69750c9965b6063dbc5c55ce5dcc7731a1fca4a8,4049,1,316.72
train_00854.png,a1c19f87c01865dc1451f6978beda2b3ed6a861efb7d174230ad0727b25be101,4052,0,338.06
train_06766.png,a1c19f87c01865dc1451f6978beda2b3ed6a861efb7d174230ad0727b25be101,4052,1,154.71
train_01498.png,a1de774b12888e3a744995996a364e7ba4cce3a090d9eac7dc4291dfd7d9a42c,4054,0,318.31
train_04394.png,a1de774b12888e3a744995996a364e7ba4cce3a090d9eac7dc4291dfd7d9a42c,4054,1,217.05
train_01541.png,a1ef6dcfd883312bf31914b0f8ca31cc148fc452b7239f7228727b932468eb5b,4056,1,110.07
train_04737.png,a1ef6dcfd883312bf31914b0f8ca31cc148fc452b7239f7228727b932468eb5b,4056,0,112.77
train_00819.png,a1f5b962394fabe33c2f04685dd3bba8dbbf25f28e4583c42e8c98af0412e0d3,4057,0,263.2
train_04607.png,a1f5b962394fabe33c2f04685dd3bba8dbbf25f28e4583c42e8c98af0412e0d3,4057,1,235.75
train_00902.png,a20ebe14c8c4d3a82ab309820c4e5cbea8b5769457397eb7ddabc47e9bb385f4,4059,0,333.28
train_05454.png,a20ebe14c8c4d3a82ab309820c4e5cbea8b5769457397eb7ddabc47e9bb385f4,4059,1,202.92
train_01723.png,a2143b125a34395d32be5f3aa897b2ab036a4b4b15abca582d8ee043add2c72a,4060,1,170.57
train_04335.png,a2143b125a34395d32be5f3aa897b2ab036a4b4b15abca582d8ee043add2c72a,4060,0,213.27
train_01407.png,a264501185b822de2a805fcbb233f5fea4597b9ffa0c63bdbc268a9765ddc818,4066,0,297.34
train_07728.png,a264501185b822de2a805fcbb233f5fea4597b9ffa0c63bdbc268a9765ddc818,4066,1,116.45
train_02997.png,a2b58103372192fe2113b1888851b43e5ed7e63d5e997de3675341e810b72972,4073,1,119.34
train_05908.png,a2b58103372192fe2113b1888851b43e5ed7e63d5e997de3675341e810b72972,4073,0,277.19
train_00093.png,a322f86290c204bd377f9dd2df1611d560aab10b136ad3ecd5acb18985049728,4078,0,285.82
train_01750.png,a322f86290c204bd377f9dd2df1611d560aab10b136ad3ecd5acb18985049728,4078,1,162.85
train_01385.png,a35f9f3cee74631b704358f38e7dbf0eea2a370309f0712cc582949cfebdceee,4083,1,163.79
train_04807.png,a35f9f3cee74631b704358f38e7dbf0eea2a370309f0712cc582949cfebdceee,4083,0,342.51
train_03915.png,a3612abc5b06d7a7b6c821201d02c1d93a0cbbc5d3a4d6aa444684519f2245f9,4084,1,320.3
train_05650.png,a3612abc5b06d7a7b6c821201d02c1d93a0cbbc5d3a4d6aa444684519f2245f9,4084,0,272.8
train_00230.png,a3775374c7749029709a9c36987ba934b824326d9cf501d28b4ee66940e85631,4085,0,323.8
train_05769.png,a3775374c7749029709a9c36987ba934b824326d9cf501d28b4ee66940e85631,4085,1,5.44
train_00781.png,a37c2e7a8f41bff45eb03c39d99847188a1bed6eae38349fdf8ebdf56bfc6f97,4086,0,277.1
train_06434.png,a37c2e7a8f41bff45eb03c39d99847188a1bed6eae38349fdf8ebdf56bfc6f97,4086,1,18.35
train_02672.png,a393069828cd58955ed793a463962c7ab9bfeeb5cfe5cf4eab1da183c68ce1b4,4091,1,194.69
train_03706.png,a393069828cd58955ed793a463962c7ab9bfeeb5cfe5cf4eab1da183c68ce1b4,4091,0,276.51
train_06128.png,a3c3497f3f7a2bef207b7be3f9794064d13f48d3c75524985ed079cfea975bd7,4098,1,84.39
train_07723.png,a3c3497f3f7a2bef207b7be3f9794064d13f48d3c75524985ed079cfea975bd7,4098,0,96.68
train_00395.png,a3fd993b48a142a7c9af6beba3e2caa3735e8f9c9627f8bb05096570c89a63a5,4100,0,272.27
train_06724.png,a3fd993b48a142a7c9af6beba3e2caa3735e8f9c9627f8bb05096570c89a63a5,4100,1,14.78
train_00962.png,a40886241854c019badef43b66c11f2e0763c24cc251436d42267904aa55cb28,4101,1,281.13
train_04219.png,a40886241854c019badef43b66c11f2e0763c24cc251436d42267904aa55cb28,4101,0,355.09
train_00742.png,a41abb18c56b6ea29b952b49bd8f376f65d7aaec7db047428440944c8b244e1d,4103,0,232.29
train_03957.png,a41abb18c56b6ea29b952b49bd8f376f65d7aaec7db047428440944c8b244e1d,4103,1,16.72
train_03514.png,a46efb75814a254933d68f3b226cf6fbd27460c5ac5622e920fa6e4c9bd1dfc2,4110,0,275.44
train_05098.png,a46efb75814a254933d68f3b226cf6fbd27460c5ac5622e920fa6e4c9bd1dfc2,4110,1,117.98
train_02755.png,a50bde765e219531876fe7b7156b8143dfd5dfe3ce0538ffc8f0d0f1a1481cdb,4128,0,334.19
train_03452.png,a50bde765e219531876fe7b7156b8143dfd5dfe3ce0538ffc8f0d0f1a1481cdb,4128,1,334.01
train_02138.png,a523ef961d93ed48ad98c0708c114fe2e1416c642758566806bc71e1a12574d8,4130,1,181.15
train_02471.png,a523ef961d93ed48ad98c0708c114fe2e1416c642758566806bc71e1a12574d8,4130,0,334.59
train_03176.png,a53f4b43e4eb72a639c1f09a76a5230d8e480254329efb2c73360a90260206da,4134,0,294.21
train_04577.png,a53f4b43e4eb72a639c1f09a76a5230d8e480254329efb2c73360a90260206da,4134,1,2.92
train_02808.png,a54006a04cbadb227b2ceb72dca38a87d1ec2df0c921dc90b6e8e1a137c5d682,4135,0,274.39
train_02881.png,a54006a04cbadb227b2ceb72dca38a87d1ec2df0c921dc90b6e8e1a137c5d682,4135,1,275.2
train_02006.png,a547611ce76b2709aa113d3dad2b191cf7e756669b11e3ab57b6f75a3286ccf6,4136,1,303.2
train_04302.png,a547611ce76b2709aa113d3dad2b191cf7e756669b11e3ab57b6f75a3286ccf6,4136,0,330.29
train_00258.png,a56a94ea216e3b0a7830b75ddca3822ed06f632754910e1db91ceee08544fcc0,4140,0,349.1
train_07505.png,a56a94ea216e3b0a7830b75ddca3822ed06f632754910e1db91ceee08544fcc0,4140,1,336.07
train_04857.png,a5b0c770adea29da6a5cd276da240643ba3f4a2653af5ef4bc03327efd36f341,4145,1,94.48
train_04962.png,a5b0c770adea29da6a5cd276da240643ba3f4a2653af5ef4bc03327efd36f341,4145,0,180.46
train_02102.png,a5c37e7188d09d7893921fa7ccea1406eb1dadbe991985b28cff9ee130e9b132,4147,0,288.66
train_07313.png,a5c37e7188d09d7893921fa7ccea1406eb1dadbe991985b28cff9ee130e9b132,4147,1,58.62
train_01236.png,a5e9cd730038b17889dd5f12f61014c94aed5fe14e456219a14830d2e075220e,4149,0,156.74
train_05773.png,a5e9cd730038b17889dd5f12f61014c94aed5fe14e456219a14830d2e075220e,4149,1,31.44
train_03606.png,a626ba3a57af6eb37d421d77bf552ee599a954a4e1a436fba4bdefe777e681e0,4154,0,344.45
train_03786.png,a626ba3a57af6eb37d421d77bf552ee599a954a4e1a436fba4bdefe777e681e0,4154,1,349.94
train_00268.png,a6405c7bb7a64b12129f65e11a88050de0f5ac6f16094df049080f8a70af7654,4156,1,58.11
train_07014.png,a6405c7bb7a64b12129f65e11a88050de0f5ac6f16094df049080f8a70af7654,4156,0,343.75
train_00443.png,a6b2b41bd7a78152003995f6daf88bdababf6974603bfaa5eafe1365459c38a7,4162,1,199.27
train_04401.png,a6b2b41bd7a78152003995f6daf88bdababf6974603bfaa5eafe1365459c38a7,4162,0,279.51
train_01168.png,a705e3785b356832d0f305442ee5a02b5aaf907932275efea5a6bfb299f60976,4168,1,100.33
train_03330.png,a705e3785b356832d0f305442ee5a02b5aaf907932275efea5a6bfb299f60976,4168,0,283.52
train_03509.png,a76066af9aabc58bf016cb1c1119010a16c1f0fc681b241c593209b870e4cfba,4172,0,286.72
train_06015.png,a76066af9aabc58bf016cb1c1119010a16c1f0fc681b241c593209b870e4cfba,4172,1,356.11
train_00520.png,a7cc8624b44cec4f6ebe35bc9dcece5a2c17b299ae3684a6eb8b2c8eee6e46b3,4180,0,339.61
train_02919.png,a7cc8624b44cec4f6ebe35bc9dcece5a2c17b299ae3684a6eb8b2c8eee6e46b3,4180,1,220.03
train_01436.png,a842877d6f0d22c7e67072e132321109c1acc7e0e175b96f488952e9da8b8c73,4192,1,304.92
train_02939.png,a842877d6f0d22c7e67072e132321109c1acc7e0e175b96f488952e9da8b8c73,4192,0,199.57
train_02320.png,a86533efd23d8259ded86fc6d3b719fa8f49ecb27851e48f1bb8776850847bf6,4194,0,276.63
train_03674.png,a86533efd23d8259ded86fc6d3b719fa8f49ecb27851e48f1bb8776850847bf6,4194,1,344.3
train_01022.png,a8a6b98a8882ffb4e0c40e10ca9091d151c7013380b11fd9f573cfc3b3b4b384,4196,0,297.56
train_04406.png,a8a6b98a8882ffb4e0c40e10ca9091d151c7013380b11fd9f573cfc3b3b4b384,4196,1,124.93
train_00507.png,a91c3d76315e9b07a367a269fc052b2e9e5de9fda3267b5b0c7f48251666482c,4211,1,278.26
train_05739.png,a91c3d76315e9b07a367a269fc052b2e9e5de9fda3267b5b0c7f48251666482c,4211,0,153.69
train_01610.png,a94a5cc08e614bfea18353dbd7f56abe24195222f09a67267f9d8eb2b9cf4d07,4215,0,279.15
train_07511.png,a94a5cc08e614bfea18353dbd7f56abe24195222f09a67267f9d8eb2b9cf4d07,4215,1,75.06
train_02251.png,a97dcdf6acaca81c61a242efb0a63323997b122b69c6a4a3c972c4990e9d4f05,4219,0,345.87
train_04641.png,a97dcdf6acaca81c61a242efb0a63323997b122b69c6a4a3c972c4990e9d4f05,4219,1,267.92
train_02094.png,a98b25d23e572fc1dfe69ca6bee1a53808cf07303bb83646beec3972d8908f4b,4222,0,281.05
train_02607.png,a98b25d23e572fc1dfe69ca6bee1a53808cf07303bb83646beec3972d8908f4b,4222,1,2.34
train_00175.png,a9b359b03cf9c701c3b9419169e905e2cd3a655b8ae49572d2b2ca197719b9fb,4223,0,292.97
train_06898.png,a9b359b03cf9c701c3b9419169e905e2cd3a655b8ae49572d2b2ca197719b9fb,4223,1,138.31
train_07116.png,a9c5f988eb3f833ee691254cc834c8a4be1f3e60fa16ed5e6135373e9498bef8,4224,0,326.29
train_07359.png,a9c5f988eb3f833ee691254cc834c8a4be1f3e60fa16ed5e6135373e9498bef8,4224,1,244.42
train_00199.png,a9cc321f58f2ae4ca93a7caf350baf207e70c0229965620594fcba97853f49ec,4226,0,129.77
train_07761.png,a9cc321f58f2ae4ca93a7caf350baf207e70c0229965620594fcba97853f49ec,4226,1,347.36
train_01470.png,a9eb32c1fe66a679c528d0ab549ce8c6cfa954e0dbfaff3fbaa967c2806e9270,4231,1,178.37
train_03290.png,a9eb32c1fe66a679c528d0ab549ce8c6cfa954e0dbfaff3fbaa967c2806e9270,4231,0,341.74
train_01115.png,a9f42b7d827fc93bf459e1896fb758e6a3dde62c33713979c5b741cf690839a0,4234,0,352.08
train_03681.png,a9f42b7d827fc93bf459e1896fb758e6a3dde62c33713979c5b741cf690839a0,4234,1,28.88
train_02637.png,aa81cf7439d64d68e973727a2dcb282162e5fe4757d4a3a27cd15b07c1d690ec,4250,1,4.38
train_06157.png,aa81cf7439d64d68e973727a2dcb282162e5fe4757d4a3a27cd15b07c1d690ec,4250,0,326.61
train_00221.png,aae0bf2480d4c3d8f6149e6450a8ee4359182c8ae5fcc64962e1a6436b4c9fbc,4257,1,293.6
train_03359.png,aae0bf2480d4c3d8f6149e6450a8ee4359182c8ae5fcc64962e1a6436b4c9fbc,4257,0,351.39
train_03817.png,aaea43a9f7d46205c930db4bd4f80dbefd66f919559dbbff2bf7c867a91960c9,4259,0,277.93
train_04232.png,aaea43a9f7d46205c930db4bd4f80dbefd66f919559dbbff2bf7c867a91960c9,4259,1,110.56
train_04611.png,ab139699576e643df4639f8444efb66fb82318b3693d1e25ffadeea41d34c010,4265,0,298.87
train_06652.png,ab139699576e643df4639f8444efb66fb82318b3693d1e25ffadeea41d34c010,4265,1,155.36
train_01447.png,ab452bec77ff820f899ac4b749434a549aaf697f212ee1e120edcf31e1cbb6d5,4269,0,293.21
train_01738.png,ab452bec77ff820f899ac4b749434a549aaf697f212ee1e120edcf31e1cbb6d5,4269,1,280.73
train_03867.png,ab92833c1cf25f3aa5a33fb9e480ef6014ea214af321aebe26405e0e691e3e27,4274,1,305.83
train_07577.png,ab92833c1cf25f3aa5a33fb9e480ef6014ea214af321aebe26405e0e691e3e27,4274,0,347.67
train_01165.png,ab9ad4fb5da25aacc3efb80ecca07d3aa213d06e9b1711be6c6fe03febbd2889,4277,0,308.07
train_01522.png,ab9ad4fb5da25aacc3efb80ecca07d3aa213d06e9b1711be6c6fe03febbd2889,4277,1,32.7
train_04724.png,abbab36c993604dff11c7116ca78b5ddbfa4345ff5477d4dbb079bcf6127405f,4279,0,288.95
train_05321.png,abbab36c993604dff11c7116ca78b5ddbfa4345ff5477d4dbb079bcf6127405f,4279,1,87.86
train_01048.png,abfb6d10eb396422a61015f16a7da8ef7848c2294062707e1ac14bd9446a270a,4285,0,289.56
train_03430.png,abfb6d10eb396422a61015f16a7da8ef7848c2294062707e1ac14bd9446a270a,4285,1,288.32
train_00109.png,ac1283cd57da92772bbf5b848f6c0bd2c75e8ad0fef6a939bcbc3040c6e344a1,4287,0,327.58
train_02431.png,ac1283cd57da92772bbf5b848f6c0bd2c75e8ad0fef6a939bcbc3040c6e344a1,4287,1,245.79
train_02888.png,ac26e112d0ecf7048562fe942cc05da08aa2421cde8291d489ceaab4c6e32019,4289,0,347.59
train_03256.png,ac26e112d0ecf7048562fe942cc05da08aa2421cde8291d489ceaab4c6e32019,4289,1,53.93
train_03558.png,ac26e8b55dff192b4f0974da405b5510c4701c9437f20ab1eab98f120249488b,4290,1,195.28
train_06762.png,ac26e8b55dff192b4f0974da405b5510c4701c9437f20ab1eab98f120249488b,4290,0,77.37
train_03596.png,ac454af47759a894bcd64073610de9b2389684e97f36e4b0a6a29064bdafabec,4293,0,310.56
train_05937.png,ac454af47759a894bcd64073610de9b2389684e97f36e4b0a6a29064bdafabec,4293,1,252.17
train_02464.png,ac59c0b723c2d7526e2a0445476cb783190081dddc89debac1d4407fc0249c88,4296,0,321.83
train_06884.png,ac59c0b723c2d7526e2a0445476cb783190081dddc89debac1d4407fc0249c88,4296,1,170.16
train_03205.png,ac63e27d7aa50644647fa9825296ea99fbba499e86a87afec20c97fa2b95261b,4297,1,39.78
train_07835.png,ac63e27d7aa50644647fa9825296ea99fbba499e86a87afec20c97fa2b95261b,4297,0,295.38
train_01268.png,ac892e478fd4caf8e070e9e9723177135434a00a6f2ffb7ea1983a086f2a90ab,4301,0,330.98
train_03652.png,ac892e478fd4caf8e070e9e9723177135434a00a6f2ffb7ea1983a086f2a90ab,4301,1,171.11
train_04584.png,ac9c8264dd19be9ca4bfcda99c8acb4fc74755f39b0315828826243d092465dc,4306,0,354.14
train_04874.png,ac9c8264dd19be9ca4bfcda99c8acb4fc74755f39b0315828826243d092465dc,4306,1,320.51
train_02532.png,acc034960f0f9a2602649a49d4791c6db0970af440ea82d54fb4f87e0edf2921,4311,0,332.1
train_07796.png,acc034960f0f9a2602649a49d4791c6db0970af440ea82d54fb4f87e0edf2921,4311,1,306.11
train_00269.png,ad2024f850b55883ec858300ffb801232ff5db5d9b32ff9156a9a6e9e58dcfc7,4322,0,288.0
train_06360.png,ad2024f850b55883ec858300ffb801232ff5db5d9b32ff9156a9a6e9e58dcfc7,4322,1,76.8
train_02700.png,ad32fda87d5f6f101264a06a0039bdf9b9d14693add8b2e5118b445ff079fc52,4326,1,257.48
train_07053.png,ad32fda87d5f6f101264a06a0039bdf9b9d14693add8b2e5118b445ff079fc52,4326,0,309.55
train_03279.png,ad3c33e58ec72c0261ed9003f128c4828e2dd057fcf00d9d77848624b4fea842,4327,0,294.28
train_07765.png,ad3c33e58ec72c0261ed9003f128c4828e2dd057fcf00d9d77848624b4fea842,4327,1,65.34
train_03369.png,ad54bb5d0ca8de57585e0e5dc2f70dda1a76c6205009c4d63437bd88295bdb2a,4330,1,143.69
train_05502.png,ad54bb5d0ca8de57585e0e5dc2f70dda1a76c6205009c4d63437bd88295bdb2a,4330,0,328.45
train_06054.png,ad5864d210369311f2cbde306ad6e6aaf5eef851d6b77133340e3d41d4a9547c,4331,1,165.74
train_07226.png,ad5864d210369311f2cbde306ad6e6aaf5eef851d6b77133340e3d41d4a9547c,4331,0,349.05
train_05385.png,ad598368546cf6a9a2876c4621c8068e90b40d55f7e29da83075c0b8705f339b,4332,0,325.94
train_07243.png,ad598368546cf6a9a2876c4621c8068e90b40d55f7e29da83075c0b8705f339b,4332,1,23.34
train_06402.png,ae00634f8678cb1d84b04c72c3e532aeec51bf8ab61d51a4312a82e30ce623ba,4348,1,14.33
train_07442.png,ae00634f8678cb1d84b04c72c3e532aeec51bf8ab61d51a4312a82e30ce623ba,4348,0,356.52
train_03619.png,ae69532858e3c85ba61e31f2e533ea4b4942f531740545752a07f1a2e7f43f12,4355,1,144.48
train_05707.png,ae69532858e3c85ba61e31f2e533ea4b4942f531740545752a07f1a2e7f43f12,4355,0,275.95
train_03103.png,ae75633bd86bafa479879915bd4be0ca7d52510f3f6a672e2aafc05d769a6842,4357,1,323.99
train_05874.png,ae75633bd86bafa479879915bd4be0ca7d52510f3f6a672e2aafc05d769a6842,4357,0,349.7
train_03865.png,ae8a2125f0ac4056d52f35e66cadf65a611ad6df242177077dcb8da1d4391daf,4360,0,343.96
train_05987.png,ae8a2125f0ac4056d52f35e66cadf65a611ad6df242177077dcb8da1d4391daf,4360,1,123.15
train_02569.png,ae983ecca96fc1b17a2a3f3bd03aa46e6e855df38da6df6c74d69a0b823d044d,4361,1,312.24
train_04815.png,ae983ecca96fc1b17a2a3f3bd03aa46e6e855df38da6df6c74d69a0b823d044d,4361,0,311.17
train_01730.png,aea9f7c23b411ea7f3367d81d699057ef4caf7162d19bf7f556c63102b382a7c,4362,0,186.68
train_04220.png,aea9f7c23b411ea7f3367d81d699057ef4caf7162d19bf7f556c63102b382a7c,4362,1,61.36
train_01290.png,aed9a65589550a31686b36b7704717c71457394282761147cd18bb4d1347f7fe,4365,1,3.95
train_03411.png,aed9a65589550a31686b36b7704717c71457394282761147cd18bb4d1347f7fe,4365,0,344.75
train_04821.png,af65df420dd3d2f87c8f646b73de59dfb22ef782dff49b282b9995ad5b413a05,4379,0,357.17
train_07840.png,af65df420dd3d2f87c8f646b73de59dfb22ef782dff49b282b9995ad5b413a05,4379,1,21.59
train_01796.png,af798bbd9e04d100a9dfb9d7ab98f7dcc3070dcee76b06cf982e15c7c5c12a68,4382,0,338.59
train_04391.png,af798bbd9e04d100a9dfb9d7ab98f7dcc3070dcee76b06cf982e15c7c5c12a68,4382,1,115.57
train_01331.png,af9f56a9da39763b3614bf28eed25631890e2f05502f03ac8498831b3a6fa1c2,4384,0,300.81
train_01408.png,af9f56a9da39763b3614bf28eed25631890e2f05502f03ac8498831b3a6fa1c2,4384,1,28.41
train_04176.png,afe37bf2895470a5acff377b7ad3c2ef18e0681a6040caf1d76af15e26e02fed,4392,0,332.87
train_05696.png,afe37bf2895470a5acff377b7ad3c2ef18e0681a6040caf1d76af15e26e02fed,4392,1,289.23
train_03545.png,b01b788148883b1876a3966b6205226ce2fb265570755327eb82859cb4a272d8,4401,1,15.02
train_05368.png,b01b788148883b1876a3966b6205226ce2fb265570755327eb82859cb4a272d8,4401,0,338.75
train_03257.png,b0528aaa18028236caa1665bd969308c84e71f07614b963c8b0a3a9f91090c1e,4407,1,67.82
train_05974.png,b0528aaa18028236caa1665bd969308c84e71f07614b963c8b0a3a9f91090c1e,4407,0,278.2
train_00719.png,b0c72643abb8cf264e51e2a392348faa3451fd6cae52de30e1b02142ba8d17a1,4417,1,6.74
train_04727.png,b0c72643abb8cf264e51e2a392348faa3451fd6cae52de30e1b02142ba8d17a1,4417,0,289.13
train_04793.png,b0eba315e5a17e2b49a55dc6ae0c61676aa2cde9fb0ec58f3ecc604d42d03784,4420,1,220.89
train_06100.png,b0eba315e5a17e2b49a55dc6ae0c61676aa2cde9fb0ec58f3ecc604d42d03784,4420,0,282.84
train_00324.png,b10d83afd4b224f4f8e19d89211bc9b6ba09712f14a26b953bc608cc9a9d26f6,4427,0,282.56
train_00786.png,b10d83afd4b224f4f8e19d89211bc9b6ba09712f14a26b953bc608cc9a9d26f6,4427,1,215.64
train_04619.png,b1111b765fb0f8f782ab1813f6f209267d44fef2a66d40c893cf3ef2fee38ed5,4428,0,316.71
train_06246.png,b1111b765fb0f8f782ab1813f6f209267d44fef2a66d40c893cf3ef2fee38ed5,4428,1,54.87
train_01612.png,b1253420776ad10f1a133d2030d44040db9cb17c1e2d00da744135a4f27ee8fd,4429,0,118.91
train_04151.png,b1253420776ad10f1a133d2030d44040db9cb17c1e2d00da744135a4f27ee8fd,4429,1,45.55
train_01049.png,b125969eca22e5b14c44ae5a848bc1517bf0fbf828639fbaa20928baaeedae97,4430,0,314.5
train_03114.png,b125969eca22e5b14c44ae5a848bc1517bf0fbf828639fbaa20928baaeedae97,4430,1,100.38
train_03546.png,b1389019bdf857295c272cc0ff65a5bf3377331f1af55b593a24a4527b097d5a,4433,0,323.26
train_03658.png,b1389019bdf857295c272cc0ff65a5bf3377331f1af55b593a24a4527b097d5a,4433,1,37.01
train_04421.png,b15168c168e9902acaccb50fbf0c307c93ec3150d35ede866c83312eb8a285a5,4437,0,320.55
train_06927.png,b15168c168e9902acaccb50fbf0c307c93ec3150d35ede866c83312eb8a285a5,4437,1,108.51
train_03609.png,b15aa9e4e1f4730d9fa6a9f380cc76dd7d04bc4b2f9ed0b771651906b003268c,4440,1,169.67
train_04481.png,b15aa9e4e1f4730d9fa6a9f380cc76dd7d04bc4b2f9ed0b771651906b003268c,4440,0,322.23
train_04162.png,b18f5c1432975b8328f8cbe14634185be4aabe2d23b66eed0edcb43d6fc32d62,4445,1,163.19
train_05671.png,b18f5c1432975b8328f8cbe14634185be4aabe2d23b66eed0edcb43d6fc32d62,4445,0,267.69
train_00106.png,b19253b9af0000a36b737e153312b7b31bbfac2f4148aace908901b7f714a93e,4447,0,277.6
train_02412.png,b19253b9af0000a36b737e153312b7b31bbfac2f4148aace908901b7f714a93e,4447,1,285.76
train_01291.png,b19cbe2eb501d2f09bc724e1bc82cbee5dcb2e8c6d923e7932d3c01064e1d742,4448,1,355.0
train_06335.png,b19cbe2eb501d2f09bc724e1bc82cbee5dcb2e8c6d923e7932d3c01064e1d742,4448,0,291.23
train_03270.png,b19dc2077b7a1f6f55caa1aec0e41e718f202d7216e4be5ba141c1c3946b7013,4449,1,106.34
train_04924.png,b19dc2077b7a1f6f55caa1aec0e41e718f202d7216e4be5ba141c1c3946b7013,4449,0,296.48
train_03212.png,b1daa4a23799bb2764b88ea0251ce5d4f05eb16f556de95403ab188e4d842200,4458,1,33.92
train_05021.png,b1daa4a23799bb2764b88ea0251ce5d4f05eb16f556de95403ab188e4d842200,4458,0,308.34
train_04532.png,b1efcdab007826652248fc8a20ffac0c17756fa739f40cac2e994f8f24508655,4460,1,235.18
train_06478.png,b1efcdab007826652248fc8a20ffac0c17756fa739f40cac2e994f8f24508655,4460,0,341.52
train_02479.png,b209cd3ae0f1be0ca1d4eb4194b7734d3c733e3e34e1637fb4c2d660b32d45bf,4462,0,307.64
train_03414.png,b209cd3ae0f1be0ca1d4eb4194b7734d3c733e3e34e1637fb4c2d660b32d45bf,4462,1,165.29
train_05820.png,b21854d090cd76e42d06162f2e59693fa42d58c1facf94cc280eff35d3cae5f3,4463,1,61.31
train_07805.png,b21854d090cd76e42d06162f2e59693fa42d58c1facf94cc280eff35d3cae5f3,4463,0,244.28
train_01400.png,b21ffe8e57f262351f447f4fb742bdee56b3fd9f3febd4f5548ce5b9ccc1a366,4464,0,324.87
train_07262.png,b21ffe8e57f262351f447f4fb742bdee56b3fd9f3febd4f5548ce5b9ccc1a366,4464,1,281.87
train_01404.png,b272ae6878c88a91718c80a0798acbdaa6c932f6556f7db4553dedce49e8c683,4469,0,95.61
train_04865.png,b272ae6878c88a91718c80a0798acbdaa6c932f6556f7db4553dedce49e8c683,4469,1,245.35
train_01554.png,b2c8e06379237a618a3adc2fffe65efcbca71c850cd52ff26284a74995ee5269,4476,0,353.03
train_04494.png,b2c8e06379237a618a3adc2fffe65efcbca71c850cd52ff26284a74995ee5269,4476,1,237.67
train_05630.png,b2e8aba971c9ee31cde234445eeb6df55ac7b80d95c5e8d27f257345250cc40f,4478,1,46.11
train_06274.png,b2e8aba971c9ee31cde234445eeb6df55ac7b80d95c5e8d27f257345250cc40f,4478,0,145.04
train_05772.png,b333ae2b8ef96dc8468439e4699bf4bd40bccd1747ef40e517a69bf0370a77a2,4484,0,301.12
train_06612.png,b333ae2b8ef96dc8468439e4699bf4bd40bccd1747ef40e517a69bf0370a77a2,4484,1,156.98
train_01288.png,b3b11c43346975f59e89212dde77a85af49118692f1a4220952053b6c9b28268,4501,1,106.51
train_05024.png,b3b11c43346975f59e89212dde77a85af49118692f1a4220952053b6c9b28268,4501,0,313.66
train_01499.png,b3df08a17182726fc8a0c1adb7e6b3eb523233bedebfc47f8eda03327114a7b2,4503,0,307.43
train_05806.png,b3df08a17182726fc8a0c1adb7e6b3eb523233bedebfc47f8eda03327114a7b2,4503,1,254.57
train_02887.png,b40b72c3a677d0cbd817d1edbfd6bb1f0c642198999a34e5d5ff66ad6bb4aa89,4510,1,67.14
train_06353.png,b40b72c3a677d0cbd817d1edbfd6bb1f0c642198999a34e5d5ff66ad6bb4aa89,4510,0,337.16
train_01170.png,b448c3f766ff58c54d79fd8ba4b9edcbcd6725062f171d55ef80da4f18e6e59f,4515,0,306.81
train_04855.png,b448c3f766ff58c54d79fd8ba4b9edcbcd6725062f171d55ef80da4f18e6e59f,4515,1,235.55
train_01431.png,b461cf64bcc5d049b09a640ac3a2c8c94f79691f9c5124df3187a7b2c1bef254,4518,0,344.15
train_03908.png,b461cf64bcc5d049b09a640ac3a2c8c94f79691f9c5124df3187a7b2c1bef254,4518,1,11.59
train_02609.png,b4785517c40a6ca2723658563b15a7bdb674d98b6e5d4298514268ad8682aa62,4520,1,132.57
train_05083.png,b4785517c40a6ca2723658563b15a7bdb674d98b6e5d4298514268ad8682aa62,4520,0,313.55
train_01777.png,b47c9a48388c813433b209565c0c407f07e94b45250097fb4467d841e7de78c8,4521,0,333.76
train_06712.png,b47c9a48388c813433b209565c0c407f07e94b45250097fb4467d841e7de78c8,4521,1,121.85
train_00334.png,b483de579575c0d67a7b91bcaafb916ae04d1c53dbab60354e87645595f92e50,4522,0,348.06
train_00653.png,b483de579575c0d67a7b91bcaafb916ae04d1c53dbab60354e87645595f92e50,4522,1,262.38
train_02906.png,b486337fb2700d96ced4c3490b1adeee10bb9f543ef815566f6f842e11e13dd4,4523,1,325.83
train_03254.png,b486337fb2700d96ced4c3490b1adeee10bb9f543ef815566f6f842e11e13dd4,4523,0,180.92
train_00768.png,b4d82500eeb46c22257fc73ffa2d0b36840c693031bec6995554838fd4cf071b,4530,1,232.84
train_05428.png,b4d82500eeb46c22257fc73ffa2d0b36840c693031bec6995554838fd4cf071b,4530,0,353.07
train_02686.png,b4ecdcf62a07e241ae5445f3493fe53f78a0bb96a2bb222693aa0dd8b5f56878,4532,1,142.97
train_06534.png,b4ecdcf62a07e241ae5445f3493fe53f78a0bb96a2bb222693aa0dd8b5f56878,4532,0,294.62
train_01976.png,b5173cffa605af9c873cc674bdca66f015b72f3e953fa797c24a4451646930ac,4540,0,270.86
train_03119.png,b5173cffa605af9c873cc674bdca66f015b72f3e953fa797c24a4451646930ac,4540,1,136.84
train_04116.png,b52206da93a537296996688e052a27443c3e2a1bc29c2ab8c9c61d0fccabd55e,4541,0,308.05
train_04877.png,b52206da93a537296996688e052a27443c3e2a1bc29c2ab8c9c61d0fccabd55e,4541,1,118.49
train_00709.png,b55a2237ef2d4b885021474a39960ec0e79ac7ed512873891deef8ed337ca495,4543,1,0.43
train_06596.png,b55a2237ef2d4b885021474a39960ec0e79ac7ed512873891deef8ed337ca495,4543,0,53.03
train_00135.png,b59ebf03f004848618e3ecf8b179e0735993edc7f119e4d98d36264f5e809117,4547,0,271.64
train_06889.png,b59ebf03f004848618e3ecf8b179e0735993edc7f119e4d98d36264f5e809117,4547,1,162.77
train_03707.png,b5c5e289038b364be8c2e21e37a155513bf20529897ade5e9ee1e4858ff2f271,4552,1,335.89
train_06403.png,b5c5e289038b364be8c2e21e37a155513bf20529897ade5e9ee1e4858ff2f271,4552,0,315.34
train_01685.png,b61a7566844eaf66fa714900ecb1da8cb1c9014cfbaca2509c884935e53b2635,4558,1,117.71
train_05702.png,b61a7566844eaf66fa714900ecb1da8cb1c9014cfbaca2509c884935e53b2635,4558,0,323.85
train_02753.png,b63a2831b1b7ab13ca5323fb0f0acd5d01175275f2f9383e773112646902fccf,4562,1,37.77
train_03595.png,b63a2831b1b7ab13ca5323fb0f0acd5d01175275f2f9383e773112646902fccf,4562,0,84.1
train_00858.png,b63fcbc704c9dad6340fdbd4586b3a8dcf344b7ca0b1761590cf238cbbb23e9f,4563,1,128.1
train_04811.png,b63fcbc704c9dad6340fdbd4586b3a8dcf344b7ca0b1761590cf238cbbb23e9f,4563,0,312.07
train_02092.png,b68ff6d3ae7e0b97cd6887b60dcf350c15812481fe9e9baa9cc2cf1a75fade43,4568,0,346.9
train_07743.png,b68ff6d3ae7e0b97cd6887b60dcf350c15812481fe9e9baa9cc2cf1a75fade43,4568,1,5.07
train_04229.png,b6e02408b80fdb335dc5c6973addce9b78531ee59cbf2699033fdff28b6e5051,4575,0,156.98
train_04613.png,b6e02408b80fdb335dc5c6973addce9b78531ee59cbf2699033fdff28b6e5051,4575,1,284.38
train_00183.png,b6e7e14a101fda9a59fe045a63cf953fc3e60d39fa2eac7a94629ab0c30c5231,4578,0,329.24
train_07196.png,b6e7e14a101fda9a59fe045a63cf953fc3e60d39fa2eac7a94629ab0c30c5231,4578,1,239.47
train_01704.png,b6e93b4488e30420ca327919a23eab28d5cac0dde4c25818af72c04675389da6,4579,1,239.25
train_03125.png,b6e93b4488e30420ca327919a23eab28d5cac0dde4c25818af72c04675389da6,4579,0,336.09
train_00010.png,b6fc7bb38b0eed34a0da3dbd358153a40c88e48955a1e3ceabfbbbbf2da46321,4580,0,326.32
train_01519.png,b6fc7bb38b0eed34a0da3dbd358153a40c88e48955a1e3ceabfbbbbf2da46321,4580,1,244.1
train_06232.png,b71a64418d6a3610bd83ef648935bb1c1fac48a8cafa6310af407c586d91662e,4585,1,160.14
train_07132.png,b71a64418d6a3610bd83ef648935bb1c1fac48a8cafa6310af407c586d91662e,4585,0,290.12
train_01860.png,b760c5a97670498bea8632e8fcab9fc5e78c57e6c21ed137ad93767e5dc955fe,4590,1,327.68
train_06012.png,b760c5a97670498bea8632e8fcab9fc5e78c57e6c21ed137ad93767e5dc955fe,4590,0,272.97
train_00056.png,b7774a978dab5ec01321e4c712cb47c36fc035a46b48a0c6d933079a9fb07fc9,4593,1,100.94
train_04368.png,b7774a978dab5ec01321e4c712cb47c36fc035a46b48a0c6d933079a9fb07fc9,4593,0,279.09
train_01523.png,b77f3a94cf3df46dfdb9424c67b6060001fe26ff2223cba1f8600edcd0a9a132,4594,0,306.53
train_02831.png,b77f3a94cf3df46dfdb9424c67b6060001fe26ff2223cba1f8600edcd0a9a132,4594,1,3.67
train_00473.png,b7bcaadf263af13ab9b6db3f7c5134f788e262379f6871602b36f06842b90b51,4599,1,277.89
train_02634.png,b7bcaadf263af13ab9b6db3f7c5134f788e262379f6871602b36f06842b90b51,4599,0,349.64
train_03831.png,b7e739baeddfc96d0a05a1ad44f067c2c26c5304b00ea78d3a1892ba75b25754,4604,0,298.24
train_05201.png,b7e739baeddfc96d0a05a1ad44f067c2c26c5304b00ea78d3a1892ba75b25754,4604,1,64.75
train_00551.png,b7e8863166f4616c9bc91a6647a06a697fd8ff19c1a72607105e120a69e6fd95,4605,1,310.29
train_02135.png,b7e8863166f4616c9bc91a6647a06a697fd8ff19c1a72607105e120a69e6fd95,4605,0,352.82
train_02358.png,b7e9bea46530afa66213616f545420dcc246c0aa6dcc5261c5c00b7bb8ed1ca7,4606,0,129.62
train_05212.png,b7e9bea46530afa66213616f545420dcc246c0aa6dcc5261c5c00b7bb8ed1ca7,4606,1,17.73
train_04459.png,b808080e047a6f275a85e44433aa539a6c9022227b3538e6d12b839e55d13709,4611,1,332.17
train_07321.png,b808080e047a6f275a85e44433aa539a6c9022227b3538e6d12b839e55d13709,4611,0,323.11
train_00400.png,b81286af2a7756e28e25fd6dd75392c5dad61c11771926f6175de9f0891fb994,4613,0,274.18
train_05194.png,b81286af2a7756e28e25fd6dd75392c5dad61c11771926f6175de9f0891fb994,4613,1,191.49
train_01899.png,b8accc5fa4c4ad50e50b86e0585bd631002097f4105fa16965b6630d68d9cd6f,4622,1,317.51
train_04012.png,b8accc5fa4c4ad50e50b86e0585bd631002097f4105fa16965b6630d68d9cd6f,4622,0,237.19
train_02529.png,b8ee3016ad917e88cdf8700ba695c64232c2762413149959ef962cf305e3563c,4629,1,109.8
train_06600.png,b8ee3016ad917e88cdf8700ba695c64232c2762413149959ef962cf305e3563c,4629,0,290.01
train_01267.png,b9757878c5dcb54843a9b9eb811e9d10dfc87db6c6769fcdbe086dbf9f109fd1,4636,0,278.11
train_03163.png,b9757878c5dcb54843a9b9eb811e9d10dfc87db6c6769fcdbe086dbf9f109fd1,4636,1,216.21
train_04195.png,b986de79db4541cb06b7d45bddb26be19b15c9997fa8e93d0788dcddb8905068,4642,1,268.61
train_07706.png,b986de79db4541cb06b7d45bddb26be19b15c9997fa8e93d0788dcddb8905068,4642,0,300.59
train_03017.png,b9a8190244330148192949e84794a5b621daf8c4f97ca769171177e7df4d28cb,4645,0,321.32
train_04283.png,b9a8190244330148192949e84794a5b621daf8c4f97ca769171177e7df4d28cb,4645,1,242.42
train_03008.png,b9bd7729e5660d6ccf56a7c7a87b32721b827e05bcd3426c95933f93a4102fa2,4647,0,302.1
train_06563.png,b9bd7729e5660d6ccf56a7c7a87b32721b827e05bcd3426c95933f93a4102fa2,4647,1,187.42
train_07232.png,b9c28a850dd237ba7487220afda3c9b0877f662741fd1afe93908bb3b1ca030d,4648,1,145.52
train_07379.png,b9c28a850dd237ba7487220afda3c9b0877f662741fd1afe93908bb3b1ca030d,4648,0,294.45
train_02498.png,b9d93da9b1d5132228402e142f6027f8793fd99fe347f88b423a35960544190a,4652,1,224.54
train_07426.png,b9d93da9b1d5132228402e142f6027f8793fd99fe347f88b423a35960544190a,4652,0,111.95
train_03621.png,ba71908ae92f2b6cdebacbedfda4d9e198dfda91d74160eb9d8c431bc49a4cfd,4665,1,230.24
train_07111.png,ba71908ae92f2b6cdebacbedfda4d9e198dfda91d74160eb9d8c431bc49a4cfd,4665,0,276.92
train_01805.png,ba7fc4ef92f80e9e45733c98b717d7813e904b97314fa5dedaf4a4e824c7a5ee,4668,1,68.13
train_04104.png,ba7fc4ef92f80e9e45733c98b717d7813e904b97314fa5dedaf4a4e824c7a5ee,4668,0,275.85
train_00625.png,ba84a48d6899b41e226425d0f4446fdd6826610862d82e7b6080ee93f39edbd4,4669,0,286.75
train_01449.png,ba84a48d6899b41e226425d0f4446fdd6826610862d82e7b6080ee93f39edbd4,4669,1,335.26
train_03570.png,ba9c266209d64c8353140199d1a5b6903f2f80d094c693403a4c96ba549061a7,4673,1,100.6
train_06977.png,ba9c266209d64c8353140199d1a5b6903f2f80d094c693403a4c96ba549061a7,4673,0,316.27
train_04663.png,bac9ef38b1728c48f0ce87016ac780d2adc68c1f39dc0cd5d1734ac72669d8d4,4676,1,89.55
train_07770.png,bac9ef38b1728c48f0ce87016ac780d2adc68c1f39dc0cd5d1734ac72669d8d4,4676,0,340.06
train_03041.png,badb0315913d5c867afa55837144120b082eab93c2b328f84b635d9420c87dfd,4679,0,351.72
train_05254.png,badb0315913d5c867afa55837144120b082eab93c2b328f84b635d9420c87dfd,4679,1,144.25
train_07519.png,bb42c9b275cf2ee648a10890a2888bf8e8e91ec485c4a76dd2b47579bbd69822,4687,1,353.49
train_07539.png,bb42c9b275cf2ee648a10890a2888bf8e8e91ec485c4a76dd2b47579bbd69822,4687,0,339.01
train_01713.png,bbbca0de56c9b195e1c8330ca0ae833ad1d5c4cf29c80168ad7678ef56a9aa0a,4700,1,97.78
train_06841.png,bbbca0de56c9b195e1c8330ca0ae833ad1d5c4cf29c80168ad7678ef56a9aa0a,4700,0,344.8
train_03704.png,bbc2d13b4411ebb524433df211123febb4bf0526e03a44d28792b2b64e64c492,4702,0,341.23
train_04818.png,bbc2d13b4411ebb524433df211123febb4bf0526e03a44d28792b2b64e64c492,4702,1,336.1
train_01233.png,bbc93a84bdbceaf4a52b8426d605dc3258d515382a14a3224853f62a3ada0aae,4704,1,299.21
train_07121.png,bbc93a84bdbceaf4a52b8426d605dc3258d515382a14a3224853f62a3ada0aae,4704,0,287.12
train_00619.png,bbd671105a2c6bd9d7dbca21a70e2b2242f3e834cf68882ba42bedfc325623e8,4706,1,22.79
train_01416.png,bbd671105a2c6bd9d7dbca21a70e2b2242f3e834cf68882ba42bedfc325623e8,4706,0,282.39
train_03697.png,bc2a33431e6335ca4697392b5ca09b2e37abf35a75dd604f388e1464fa5673e4,4713,1,250.65
train_04234.png,bc2a33431e6335ca4697392b5ca09b2e37abf35a75dd604f388e1464fa5673e4,4713,0,99.47
train_04934.png,bc5584e09f450d11fc0eec7189af92b51afde501d06f2997e0effca062734c44,4720,0,297.91
train_05783.png,bc5584e09f450d11fc0eec7189af92b51afde501d06f2997e0effca062734c44,4720,1,66.08
train_04167.png,bc57037305074204381aaa1592417bcb1c67b7b8d91fcb5edd7422835be4de02,4721,1,2.6
train_06586.png,bc57037305074204381aaa1592417bcb1c67b7b8d91fcb5edd7422835be4de02,4721,0,301.8
train_03992.png,bca2069dac751e74dc94c7b583f0221093b0fe617b2deac8e83378811c762737,4729,1,340.81
train_05100.png,bca2069dac751e74dc94c7b583f0221093b0fe617b2deac8e83378811c762737,4729,0,286.13
train_06820.png,bcb60c0034b1e30173f63958fc3f11efe07351400a6ad8c89f604feb2870efcc,4733,0,348.63
train_07504.png,bcb60c0034b1e30173f63958fc3f11efe07351400a6ad8c89f604feb2870efcc,4733,1,85.02
train_01904.png,bcede9e2ec1db58bea13ca752d68dfd6f54f41d40233bd696e4e0077eb3c62b4,4737,1,169.69
train_07686.png,bcede9e2ec1db58bea13ca752d68dfd6f54f41d40233bd696e4e0077eb3c62b4,4737,0,355.58
train_04738.png,bcf0e7b872856550c5ed47d694db77e280ac66d02279d8b912781dfc98add2c5,4739,0,293.74
train_07746.png,bcf0e7b872856550c5ed47d694db77e280ac66d02279d8b912781dfc98add2c5,4739,1,314.61
train_01183.png,bd4609d721f72a23208ba7b95becac1ee2d08c8fa4efb7e94ff48c0af476ccf5,4748,0,321.14
train_01756.png,bd4609d721f72a23208ba7b95becac1ee2d08c8fa4efb7e94ff48c0af476ccf5,4748,1,308.76
train_03243.png,bd79fff7f5d5f7b447d1ad4650531620219e81b453abcedf40fc9b28de5ecdb2,4753,0,336.1
train_06119.png,bd79fff7f5d5f7b447d1ad4650531620219e81b453abcedf40fc9b28de5ecdb2,4753,1,53.43
train_00575.png,be1f41415a04025d3fe272ea9b9461bdaf105fa6a9fe745d177daf84d92ed373,4767,0,358.43
train_02270.png,be1f41415a04025d3fe272ea9b9461bdaf105fa6a9fe745d177daf84d92ed373,4767,1,243.05
train_00561.png,be2e5c67d2f73fb579899e438872c9f912bd1d8ce985918830f734e60aa316c2,4769,1,87.0
train_03242.png,be2e5c67d2f73fb579899e438872c9f912bd1d8ce985918830f734e60aa316c2,4769,0,319.03
train_00295.png,be3c1d67dcb5af60eab28bf608b561a99fbae123278424e52a7faa76b01902a0,4770,1,320.14
train_06268.png,be3c1d67dcb5af60eab28bf608b561a99fbae123278424e52a7faa76b01902a0,4770,0,44.58
train_01093.png,be503498ab6b61d5101e864edb64efd84d53f1ab015f5685a5dc55dfe192c6d0,4774,1,51.79
train_07146.png,be503498ab6b61d5101e864edb64efd84d53f1ab015f5685a5dc55dfe192c6d0,4774,0,122.28
train_01445.png,be65fd75a6f1e3c1989ff7f09161f9e6202d8bad416d35f35ede797970fce0c1,4778,1,354.1
train_06913.png,be65fd75a6f1e3c1989ff7f09161f9e6202d8bad416d35f35ede797970fce0c1,4778,0,344.46
train_02046.png,be7ded466bd1a59104d9383acf40fbc55ac6f255bdbc9d71ba9da215be67885a,4781,0,289.96
train_03590.png,be7ded466bd1a59104d9383acf40fbc55ac6f255bdbc9d71ba9da215be67885a,4781,1,273.15
train_02574.png,be910597b6ad76c779071a26735ceed40be02aa10e0c40e1b7e3fe689b04b51f,4785,1,31.14
train_06188.png,be910597b6ad76c779071a26735ceed40be02aa10e0c40e1b7e3fe689b04b51f,4785,0,354.82
train_05592.png,bec3026d6be81f14d60acbd335b76570b1ddff017066049e74cfbd391c491650,4791,1,209.2
train_05690.png,bec3026d6be81f14d60acbd335b76570b1ddff017066049e74cfbd391c491650,4791,0,335.95
train_05316.png,bed04d1dd3b59eaf562cfc8a328f816e1fc226e4c1bf6f28dd0e8510c51f42a2,4794,1,165.92
train_05935.png,bed04d1dd3b59eaf562cfc8a328f816e1fc226e4c1bf6f28dd0e8510c51f42a2,4794,0,310.89
train_02493.png,c031bcbdd4ddf48d6073e9ef4d8de519d9444077d47ea93b6455805e80ebaeb5,4817,1,307.07
train_02758.png,c031bcbdd4ddf48d6073e9ef4d8de519d9444077d47ea93b6455805e80ebaeb5,4817,0,353.66
train_06527.png,c03557a3c28388886fc3905f0c2f893258ce4d6dc85e1e1273d9174756cb2ff8,4818,0,309.69
train_07171.png,c03557a3c28388886fc3905f0c2f893258ce4d6dc85e1e1273d9174756cb2ff8,4818,1,324.59
train_01836.png,c050347abe80b47e22693f1994f591f8afc3c3466f9d5a4e5f0802cb120aa73e,4820,0,311.77
train_06851.png,c050347abe80b47e22693f1994f591f8afc3c3466f9d5a4e5f0802cb120aa73e,4820,1,315.72
train_05601.png,c0882fe129f8252168fb219270df6eb758949bcbb1258c2a9f596cb80566fc65,4827,0,359.57
train_06836.png,c0882fe129f8252168fb219270df6eb758949bcbb1258c2a9f596cb80566fc65,4827,1,81.35
train_04127.png,c0ab65daa8b367327595ce15534e480f78c296b8003faa81918804fb54f7ddcb,4829,0,244.5
train_07669.png,c0ab65daa8b367327595ce15534e480f78c296b8003faa81918804fb54f7ddcb,4829,1,176.55
train_02781.png,c0bbedebe11f4839f809c029e3ecab9af1a70e5546877dcae90a97811fd5abad,4830,1,32.85
train_06582.png,c0bbedebe11f4839f809c029e3ecab9af1a70e5546877dcae90a97811fd5abad,4830,0,339.76
train_01308.png,c0d38b2ae05a0b43f3380dca46b70d3bd9e9e008319001ad8c22e214f4c9d353,4831,0,67.87
train_02953.png,c0d38b2ae05a0b43f3380dca46b70d3bd9e9e008319001ad8c22e214f4c9d353,4831,1,345.54
train_00734.png,c11fa29f81dc433ffe4944aad9082daa8780e0c930e19298e657a593fd2c02a1,4835,1,81.83
train_04002.png,c11fa29f81dc433ffe4944aad9082daa8780e0c930e19298e657a593fd2c02a1,4835,0,330.58
train_02979.png,c13c725dd91217eaac49b66b788186ace33244172de10ffef6e54c99e0619b31,4838,0,328.78
train_03005.png,c13c725dd91217eaac49b66b788186ace33244172de10ffef6e54c99e0619b31,4838,1,284.02
train_02356.png,c14d972f1d06f0de33e9e508732065aebdf7b8357b61c319b607a00651de27b3,4840,1,88.85
train_06073.png,c14d972f1d06f0de33e9e508732065aebdf7b8357b61c319b607a00651de27b3,4840,0,283.72
train_00197.png,c1542101207e841e387ef94cb10534b9cecd5124f08d01e1178e943ec5862fc3,4841,0,307.97
train_07853.png,c1542101207e841e387ef94cb10534b9cecd5124f08d01e1178e943ec5862fc3,4841,1,121.59
train_00394.png,c15a6d747e7f62244993ef6764f038dfd28e0bf985ce1cc302d5ada1a52b644f,4842,0,356.5
train_07513.png,c15a6d747e7f62244993ef6764f038dfd28e0bf985ce1cc302d5ada1a52b644f,4842,1,328.01
train_02832.png,c163b75a9943ba0fed7a3fa691956508df899769efa1d6d87f36e01b6812c226,4844,0,334.04
train_06602.png,c163b75a9943ba0fed7a3fa691956508df899769efa1d6d87f36e01b6812c226,4844,1,39.11
train_02132.png,c1c5f4e2a4dba0bb6387b15ce29cf7510cf2b6f619fcf79c59022cc687c47ca4,4853,1,310.41
train_03712.png,c1c5f4e2a4dba0bb6387b15ce29cf7510cf2b6f619fcf79c59022cc687c47ca4,4853,0,282.62
train_04446.png,c1f54f80f47460d4bf2a1bd8e4cffff58cb302fe7f1650592bb0d65b8d9f3671,4857,1,329.33
train_04843.png,c1f54f80f47460d4bf2a1bd8e4cffff58cb302fe7f1650592bb0d65b8d9f3671,4857,0,333.57
train_00367.png,c20a82a4b63a8bcf7370e37aca02310511d9022b605c67257139bc7fdd76d38b,4859,0,291.25
train_03534.png,c20a82a4b63a8bcf7370e37aca02310511d9022b605c67257139bc7fdd76d38b,4859,1,318.62
train_07788.png,c23afeae3337815dfd805b6053ec1b2006432e86df0d9c9f771b6f5d095713e2,4865,0,306.41
train_07803.png,c23afeae3337815dfd805b6053ec1b2006432e86df0d9c9f771b6f5d095713e2,4865,1,93.68
train_00337.png,c2454f32afe7f65bfdaae006e63bf3c78ee304df922fc0f6413bfaebd8eba2cc,4869,1,296.14
train_05065.png,c2454f32afe7f65bfdaae006e63bf3c78ee304df922fc0f6413bfaebd8eba2cc,4869,0,341.56
train_06374.png,c258642624b06b1acae64382d4e57f8bffa9892a808f6f2b6b3993fa4fb589af,4872,1,343.23
train_07316.png,c258642624b06b1acae64382d4e57f8bffa9892a808f6f2b6b3993fa4fb589af,4872,0,313.49
train_01051.png,c264d19e7b2033d4d5d46bbef2e455869969515fe0b92486f82058615c92c716,4873,1,260.69
train_04059.png,c264d19e7b2033d4d5d46bbef2e455869969515fe0b92486f82058615c92c716,4873,0,237.37
train_05993.png,c27c3e5e5ed17f62d6b8b8035c106b4ebbf7665fba385d7c22f2b22dd37db82f,4875,0,309.29
train_06029.png,c27c3e5e5ed17f62d6b8b8035c106b4ebbf7665fba385d7c22f2b22dd37db82f,4875,1,323.5
train_01451.png,c284224c761a765334a93d37b3c7d345ed9cff671abaa48550bad7ec73ffeec7,4876,0,227.46
train_05379.png,c284224c761a765334a93d37b3c7d345ed9cff671abaa48550bad7ec73ffeec7,4876,1,169.38
train_01573.png,c2d97aae0d59683756c81530c84f5060e94705a0ad0c015a1b6e4a62a833eef4,4887,0,329.34
train_05878.png,c2d97aae0d59683756c81530c84f5060e94705a0ad0c015a1b6e4a62a833eef4,4887,1,129.21
train_00762.png,c2ec08444d23c69258fb264c18ab4c50e2419fe1286897489fabee118f7b3480,4888,0,343.92
train_04798.png,c2ec08444d23c69258fb264c18ab4c50e2419fe1286897489fabee118f7b3480,4888,1,299.79
train_00336.png,c2ec3e289437d41d30d7f70332ac8c38d6071f6c9117ede60f64c60a57de553b,4889,1,91.21
train_07779.png,c2ec3e289437d41d30d7f70332ac8c38d6071f6c9117ede60f64c60a57de553b,4889,0,304.6
train_02631.png,c322830d326eb9a2e03cac6cda03589f000d7e73f1a7ea084ac977ea7d10ebbf,4895,1,331.86
train_05389.png,c322830d326eb9a2e03cac6cda03589f000d7e73f1a7ea084ac977ea7d10ebbf,4895,0,345.6
train_05427.png,c32e0789982334e150a9249b35e76c41139dcda4a55e4b786038c8a80ef52f77,4897,1,71.13
train_07386.png,c32e0789982334e150a9249b35e76c41139dcda4a55e4b786038c8a80ef52f77,4897,0,343.86
train_01166.png,c34396b6d4a4b6ba5a771b7bb5f299536b2dfe49113661821a950b9ed2620bc1,4899,0,324.59
train_07083.png,c34396b6d4a4b6ba5a771b7bb5f299536b2dfe49113661821a950b9ed2620bc1,4899,1,180.95
train_01798.png,c34fcbb37fe4de9d5d3f48d6799e37a12e11c15dd32caa431526cb9a89b67840,4900,0,273.74
train_05519.png,c34fcbb37fe4de9d5d3f48d6799e37a12e11c15dd32caa431526cb9a89b67840,4900,1,265.92
train_02725.png,c3521ac93586e5a93a1b7e225821d22af34edddd6ef131e10b5ea04bd00d83fc,4903,1,134.76
train_03864.png,c3521ac93586e5a93a1b7e225821d22af34edddd6ef131e10b5ea04bd00d83fc,4903,0,335.7
train_04285.png,c37e048b2e0f0db28a5eed43903a5fb04f7f98daed49324c3c60bedfa5d87e79,4906,1,358.08
train_04578.png,c37e048b2e0f0db28a5eed43903a5fb04f7f98daed49324c3c60bedfa5d87e79,4906,0,316.89
train_00503.png,c38e33b93b8ec2e7361faac45050b332dcf2a7eb32191dd35fd82fb182245f8e,4908,1,242.71
train_01892.png,c38e33b93b8ec2e7361faac45050b332dcf2a7eb32191dd35fd82fb182245f8e,4908,0,310.8
train_00470.png,c3f19225aade3c53d24af0e1480ef8085ece959a6dda1fca40da3931cd2e164b,4919,0,338.54
train_03302.png,c3f19225aade3c53d24af0e1480ef8085ece959a6dda1fca40da3931cd2e164b,4919,1,103.64
train_02139.png,c41230976966bc993e9a8389ba4b2d50cbd37579c8a519a6b0afbafd9e619f30,4923,1,298.6
train_04197.png,c41230976966bc993e9a8389ba4b2d50cbd37579c8a519a6b0afbafd9e619f30,4923,0,297.48
train_01817.png,c413b623154e53894b3d1c9026d0339a066c71b76b416242fafa50b180a1a22c,4924,1,15.96
train_04439.png,c413b623154e53894b3d1c9026d0339a066c71b76b416242fafa50b180a1a22c,4924,0,320.23
train_00824.png,c4e6b6d997c884d636a3d2a4843077745015f4e99cc929ebc5905d8b2eb53709,4938,0,283.74
train_02170.png,c4e6b6d997c884d636a3d2a4843077745015f4e99cc929ebc5905d8b2eb53709,4938,1,263.43
train_01015.png,c4fa0ff9b16263795dd952ebdad84ffedf5c6118e620dda56b405db1c855aac6,4940,1,30.62
train_05746.png,c4fa0ff9b16263795dd952ebdad84ffedf5c6118e620dda56b405db1c855aac6,4940,0,329.58
train_02610.png,c56c038f67ac00b0f0769d7919e1afa8a23225fc5658f86483a6f54a20e9978d,4950,0,162.01
train_07291.png,c56c038f67ac00b0f0769d7919e1afa8a23225fc5658f86483a6f54a20e9978d,4950,1,176.29
train_04878.png,c5c1e059e9014a76022bcda26d78b198538b665f0480574328d04f2c971964de,4957,0,248.0
train_05387.png,c5c1e059e9014a76022bcda26d78b198538b665f0480574328d04f2c971964de,4957,1,145.07
train_03458.png,c5d19ee4014dbdea1aec00668f6e1a1f441aa8f78d051bbfdba68fab49dbf463,4961,0,285.19
train_07058.png,c5d19ee4014dbdea1aec00668f6e1a1f441aa8f78d051bbfdba68fab49dbf463,4961,1,118.9
train_01953.png,c68d43cee17f8f0116b6107d2d7e4dca7836462027774a5ceb308faf280848ee,4976,0,279.98
train_07617.png,c68d43cee17f8f0116b6107d2d7e4dca7836462027774a5ceb308faf280848ee,4976,1,166.94
train_02520.png,c69288b52dbea7a20ed61e5654350b682b58dfc41fc6460ad66f0bac578044f8,4977,0,269.14
train_05606.png,c69288b52dbea7a20ed61e5654350b682b58dfc41fc6460ad66f0bac578044f8,4977,1,98.46
train_05174.png,c69a830b4424793665aff3f6d6122b074c1a173680a4a6f056f8b9daedc7fae1,4980,1,211.71
train_06716.png,c69a830b4424793665aff3f6d6122b074c1a173680a4a6f056f8b9daedc7fae1,4980,0,290.56
train_06373.png,c69e7344e02baf1c12705babe5ad8ef728340f05f585c50fa3ebe6904d79b4d4,4981,0,315.99
train_07709.png,c69e7344e02baf1c12705babe5ad8ef728340f05f585c50fa3ebe6904d79b4d4,4981,1,109.51
train_00931.png,c6e7d39800cfe7d17ecc0eaae4e6a50bb7dcdc71c95b9910a453d5f336cf5605,4987,1,149.6
train_06925.png,c6e7d39800cfe7d17ecc0eaae4e6a50bb7dcdc71c95b9910a453d5f336cf5605,4987,0,282.22
train_03968.png,c74c5c75f3247ed3031d148b86d5539ccbbaccf0ac624942b154928ca0f29261,4994,1,45.85
train_05336.png,c74c5c75f3247ed3031d148b86d5539ccbbaccf0ac624942b154928ca0f29261,4994,0,302.0
train_03079.png,c7c42f0006c122a9e344e5f768104df9278a90e917defe8bf9796f7a30c0914f,5004,1,72.18
train_05536.png,c7c42f0006c122a9e344e5f768104df9278a90e917defe8bf9796f7a30c0914f,5004,0,295.65
train_05386.png,c7e3624b5e1c6e2b28f14a3f08f253d9728aeeb7449601308eeb76e4f6046ee7,5008,0,189.73
train_07240.png,c7e3624b5e1c6e2b28f14a3f08f253d9728aeeb7449601308eeb76e4f6046ee7,5008,1,359.76
train_02662.png,c8162d171124ffae22d29085034d34c40e07dbc24a59d6b7bbcfde46391af15b,5013,1,86.04
train_03158.png,c8162d171124ffae22d29085034d34c40e07dbc24a59d6b7bbcfde46391af15b,5013,0,339.51
train_03959.png,c82cc132819cc83aec63158848acbf64252246cbcc26a3d5e40dbf3d1dd393bd,5016,0,193.46
train_07090.png,c82cc132819cc83aec63158848acbf64252246cbcc26a3d5e40dbf3d1dd393bd,5016,1,7.87
train_07210.png,c873e9af81fdbbcf5adf349528968acefa9410be4fdac9e2c2e0a3787a6a9430,5023,0,332.72
train_07374.png,c873e9af81fdbbcf5adf349528968acefa9410be4fdac9e2c2e0a3787a6a9430,5023,1,331.66
train_01224.png,c88e8807ed199ca60216f6471eed6d05e741583a089b79bed2b3b6444df45d9d,5028,0,329.15
train_07733.png,c88e8807ed199ca60216f6471eed6d05e741583a089b79bed2b3b6444df45d9d,5028,1,34.65
train_06030.png,c8bcecdd16ae69077dad7090095e3869c4f6225064b340bae0208c390dfb0476,5032,0,311.91
train_07150.png,c8bcecdd16ae69077dad7090095e3869c4f6225064b340bae0208c390dfb0476,5032,1,355.1
train_00727.png,c8c2672b92f104ef52e9934bf8f627f73f13937b59e6f5b44720b4e763c145ff,5033,1,230.8
train_07276.png,c8c2672b92f104ef52e9934bf8f627f73f13937b59e6f5b44720b4e763c145ff,5033,0,301.0
train_01503.png,c8ea06d20c829e92b73c7f1b9c9f0248b55aaacaccb889171411b87c7e2307f4,5037,1,31.84
train_06868.png,c8ea06d20c829e92b73c7f1b9c9f0248b55aaacaccb889171411b87c7e2307f4,5037,0,337.27
train_01762.png,c90ad393008f5055b432a4a2676d46f853419cbc47f969e00d5520077bef92ed,5038,0,316.54
train_02093.png,c90ad393008f5055b432a4a2676d46f853419cbc47f969e00d5520077bef92ed,5038,1,235.88
train_01176.png,c990d0f4ba54a58ef3527bb59bfa3778aed42000c68da09c22b1e0f693d796a1,5050,0,351.36
train_07447.png,c990d0f4ba54a58ef3527bb59bfa3778aed42000c68da09c22b1e0f693d796a1,5050,1,198.48
train_04922.png,c9aec78bba66fb4aac9544b256bd42edb1c3168686ba9634bf9604737154ce07,5052,0,278.88
train_05060.png,c9aec78bba66fb4aac9544b256bd42edb1c3168686ba9634bf9604737154ce07,5052,1,31.33
train_01491.png,c9e126b282dd0f3ab621027af0c41d191b58210e503fa148d9fc54af531fda73,5056,0,288.21
train_03077.png,c9e126b282dd0f3ab621027af0c41d191b58210e503fa148d9fc54af531fda73,5056,1,32.03
train_00211.png,ca060a46f94245c084d52086b3d52d9a32f420bf1c145a6e9354a14a2635adee,5059,1,284.55
train_03241.png,ca060a46f94245c084d52086b3d52d9a32f420bf1c145a6e9354a14a2635adee,5059,0,275.95
train_02618.png,ca1917dd9458767a1a1c6da5fccdb48813aa14d9a287ee77cd1ac893a20eafdf,5060,0,304.1
train_05640.png,ca1917dd9458767a1a1c6da5fccdb48813aa14d9a287ee77cd1ac893a20eafdf,5060,1,274.47
train_00054.png,ca382a860c894a98a7bc14f7fa870c3f1b3c82e3872c5cb5f65f400eec616924,5062,0,272.23
train_01676.png,ca382a860c894a98a7bc14f7fa870c3f1b3c82e3872c5cb5f65f400eec616924,5062,1,93.28
train_03897.png,ca94eb2fcf0d9a639dd6cf37b08bf97e4f38b4f16899701b119d5fafcc03fe34,5069,1,162.22
train_06594.png,ca94eb2fcf0d9a639dd6cf37b08bf97e4f38b4f16899701b119d5fafcc03fe34,5069,0,222.41
train_02035.png,cabeb14aae4ff33c6c9f50ddc2f4cd839ac6dc42db605dd328419b8e64ccb5b7,5073,1,168.5
train_03144.png,cabeb14aae4ff33c6c9f50ddc2f4cd839ac6dc42db605dd328419b8e64ccb5b7,5073,0,340.95
train_07185.png,cb5ff24d54152e81185935db3b6aaeabe5a606fdc759f431854c5ff0c02a77bb,5091,1,50.41
train_07349.png,cb5ff24d54152e81185935db3b6aaeabe5a606fdc759f431854c5ff0c02a77bb,5091,0,259.36
train_03989.png,cb6ae8bcefbb7ff77c7d353c922c7b15492fd5bd095eb5466a2fad62c3e56245,5093,0,351.83
train_07829.png,cb6ae8bcefbb7ff77c7d353c922c7b15492fd5bd095eb5466a2fad62c3e56245,5093,1,39.5
train_00637.png,cb6dc5e4ab20b72ae1afe3c40e9789de9a29037a131c8f4a8a06c9e723c4b199,5094,0,344.87
train_06038.png,cb6dc5e4ab20b72ae1afe3c40e9789de9a29037a131c8f4a8a06c9e723c4b199,5094,1,56.75
train_02915.png,cb9809b610896c50dec4938125f6a2a9271f7b61dbf0dee16d8bb36c0e7e2625,5100,1,208.87
train_04318.png,cb9809b610896c50dec4938125f6a2a9271f7b61dbf0dee16d8bb36c0e7e2625,5100,0,282.89
train_01571.png,cba02f1327f556de858aec82ded32a483dc2bcf8f515102aff6bc333376614d9,5102,1,83.97
train_03648.png,cba02f1327f556de858aec82ded32a483dc2bcf8f515102aff6bc333376614d9,5102,0,347.17
train_01343.png,cc24c2461d0752a7602e128cad035c98f4d46b115393c6d840aa80db11f961ee,5113,1,297.22
train_01927.png,cc24c2461d0752a7602e128cad035c98f4d46b115393c6d840aa80db11f961ee,5113,0,326.21
train_00763.png,cc47cccb6745bcff8512ab20729dcea8bc3c70d242761ed2be15d3ffcc587aa2,5118,0,306.57
train_05183.png,cc47cccb6745bcff8512ab20729dcea8bc3c70d242761ed2be15d3ffcc587aa2,5118,1,156.7
train_02533.png,cca8e93dfa271764d43c6f5b897bf2b685efa34317eb8fbfc30bd9dec19bd0b4,5129,1,141.46
train_06759.png,cca8e93dfa271764d43c6f5b897bf2b685efa34317eb8fbfc30bd9dec19bd0b4,5129,0,333.69
train_01190.png,ccdc419cf4322fe828ea8a23b3d9435fb5a8daf4e9d461837235383afc1cfe0a,5134,0,289.48
train_03024.png,ccdc419cf4322fe828ea8a23b3d9435fb5a8daf4e9d461837235383afc1cfe0a,5134,1,164.05
train_01305.png,cd006c90da24c24e2a8554ea6221807415dcee74992df3573d8bef4fa56fbc4c,5138,1,177.39
train_05356.png,cd006c90da24c24e2a8554ea6221807415dcee74992df3573d8bef4fa56fbc4c,5138,0,279.08
train_04060.png,cd5616e372dcb2be4439dd8a90eaa5281571836a5feda093d5722e3647bbbd30,5146,0,322.65
train_04748.png,cd5616e372dcb2be4439dd8a90eaa5281571836a5feda093d5722e3647bbbd30,5146,1,203.01
train_00430.png,cd711c3bbe96516f01093b0e0421b50f2c5df746b9ddfdd39251d8be91df9b4d,5149,1,32.76
train_04801.png,cd711c3bbe96516f01093b0e0421b50f2c5df746b9ddfdd39251d8be91df9b4d,5149,0,313.96
train_00159.png,cd978ce2230cfb3319daad1dbbc2c14e5266bf930cb3a3fbdc3ee4bcd633443e,5152,1,23.35
train_00733.png,cd978ce2230cfb3319daad1dbbc2c14e5266bf930cb3a3fbdc3ee4bcd633443e,5152,0,342.1
train_06427.png,cdb05efbbb9bebb983c113b3140562da21c4a6169dfe8d06132638a9b7d71389,5153,1,297.24
train_07399.png,cdb05efbbb9bebb983c113b3140562da21c4a6169dfe8d06132638a9b7d71389,5153,0,284.1
train_01591.png,cdbd3fd920b2207bb974355ea606abf096ae09a80cca49f004d2b211ef4fb682,5155,0,354.27
train_03453.png,cdbd3fd920b2207bb974355ea606abf096ae09a80cca49f004d2b211ef4fb682,5155,1,306.66
train_02339.png,ce18a6bdda0418d9e8b85df351295cc25e1dc215e6a2156a895a0b1de67bbde4,5161,1,259.08
train_05949.png,ce18a6bdda0418d9e8b85df351295cc25e1dc215e6a2156a895a0b1de67bbde4,5161,0,304.53
train_03543.png,ce1b73e7cb6f0c66368394431bb09b84f69def3ac5c0f527256442cdce9506cf,5162,1,293.03
train_05811.png,ce1b73e7cb6f0c66368394431bb09b84f69def3ac5c0f527256442cdce9506cf,5162,0,290.41
train_00377.png,ce4f45fa1091a9089676ef742a6fbbd56140b6205d6ae7c038e2d31b3af2f427,5168,0,141.91
train_02573.png,ce4f45fa1091a9089676ef742a6fbbd56140b6205d6ae7c038e2d31b3af2f427,5168,1,24.67
train_01602.png,cec287a809c45597c3e7cd45977f969586d3e83faef4a220cdd05a515b43df39,5175,0,278.01
train_04327.png,cec287a809c45597c3e7cd45977f969586d3e83faef4a220cdd05a515b43df39,5175,1,88.18
train_00380.png,cf09594db7e02f3eda49289d5ff5b67c187e732aef7691a9b9d04978b529dd83,5181,0,286.49
train_05459.png,cf09594db7e02f3eda49289d5ff5b67c187e732aef7691a9b9d04978b529dd83,5181,1,83.57
train_01859.png,cf135fbc384d2619923e545daebec5c485b54cd8bded519e1d4854702052b731,5183,0,335.42
train_06049.png,cf135fbc384d2619923e545daebec5c485b54cd8bded519e1d4854702052b731,5183,1,142.39
train_03028.png,cf1cdd741d296735dfeeb7456985b2af2d92c5c6828cec4dd3170d074b7dfa33,5185,1,348.11
train_07158.png,cf1cdd741d296735dfeeb7456985b2af2d92c5c6828cec4dd3170d074b7dfa33,5185,0,348.95
train_03876.png,cff539b8123bacfb5e3d7e248cd2c96d4e754111a779ffe56436d6fa1de86655,5200,0,284.45
train_07182.png,cff539b8123bacfb5e3d7e248cd2c96d4e754111a779ffe56436d6fa1de86655,5200,1,271.24
train_03100.png,cffb89a190e95078ddbde691b3bad1e9d2113230b302409b35fb332fa66daa16,5202,0,54.96
train_03315.png,cffb89a190e95078ddbde691b3bad1e9d2113230b302409b35fb332fa66daa16,5202,1,123.15
train_01298.png,d028e4c67d6e67a4f6520e3191ccc9c7d800d67cafc5e54b2e1383e3e43af4d7,5207,1,47.06
train_06805.png,d028e4c67d6e67a4f6520e3191ccc9c7d800d67cafc5e54b2e1383e3e43af4d7,5207,0,352.79
train_02616.png,d02ef1e6512bd08421b51d63b4d98d5a7c14601fd21c9b888a47463e856e8e0b,5208,0,277.68
train_03903.png,d02ef1e6512bd08421b51d63b4d98d5a7c14601fd21c9b888a47463e856e8e0b,5208,1,321.13
train_02761.png,d0665910577eb83e80fb9dbd7334fefcd54262b47c4aa25ea298607d72ef9919,5220,0,89.54
train_06902.png,d0665910577eb83e80fb9dbd7334fefcd54262b47c4aa25ea298607d72ef9919,5220,1,118.47
train_00059.png,d071b9c4cc16ed1e273c96673afe39ff81d12d095cb0b6f8f998477ce85ac8cd,5222,0,301.06
train_02258.png,d071b9c4cc16ed1e273c96673afe39ff81d12d095cb0b6f8f998477ce85ac8cd,5222,1,181.92
train_00371.png,d09087ef6df1e76ff99e70039a9c13346fef4f25891a463a6460fd56c5b9b9ca,5226,0,327.45
train_02440.png,d09087ef6df1e76ff99e70039a9c13346fef4f25891a463a6460fd56c5b9b9ca,5226,1,317.81
train_04968.png,d0dfca0bd5729b80ca2fe8a963a7452cd05fe3d3435e9385dd794789c06b5a2f,5240,0,295.96
train_06206.png,d0dfca0bd5729b80ca2fe8a963a7452cd05fe3d3435e9385dd794789c06b5a2f,5240,1,43.2
train_06036.png,d0e8fd1ea1f767c30cb335eeec02639d51d0727db427e2af42ca0eac06389a8d,5243,0,323.05
train_07403.png,d0e8fd1ea1f767c30cb335eeec02639d51d0727db427e2af42ca0eac06389a8d,5243,1,117.66
train_07165.png,d0f001b02c447df25a311305b86d73d8b1046fb6f6259c2d64a0df2e2ab8f5c7,5245,0,334.58
train_07677.png,d0f001b02c447df25a311305b86d73d8b1046fb6f6259c2d64a0df2e2ab8f5c7,5245,1,342.9
train_01962.png,d135a280c5d8ce0fe84d480e84de4fb41d374b1404d12ac7f57536d680c16200,5254,0,292.3
train_04652.png,d135a280c5d8ce0fe84d480e84de4fb41d374b1404d12ac7f57536d680c16200,5254,1,14.58
train_05170.png,d146ed16abf8d376b34000b3bbfda89eb1faa230038bda0eb309ca033afc29ce,5255,0,307.81
train_07317.png,d146ed16abf8d376b34000b3bbfda89eb1faa230038bda0eb309ca033afc29ce,5255,1,249.62
train_04180.png,d164d4726dd4b4f9c963798e63b1ebc3cdb4d646d8a181c6f9a4c079879203bc,5259,1,298.1
train_04917.png,d164d4726dd4b4f9c963798e63b1ebc3cdb4d646d8a181c6f9a4c079879203bc,5259,0,274.4
train_03631.png,d16d464cc949e9187f9b0279e2d3130d9616a292fd61c4cc78befbe9248a9f22,5260,0,351.39
train_03986.png,d16d464cc949e9187f9b0279e2d3130d9616a292fd61c4cc78befbe9248a9f22,5260,1,339.33
train_04892.png,d197fe3d1cbe3126f28f7ba47ef95062dae0bbc79c4d06411b9ce703c5160fe7,5264,1,53.26
train_04929.png,d197fe3d1cbe3126f28f7ba47ef95062dae0bbc79c4d06411b9ce703c5160fe7,5264,0,336.15
train_02421.png,d1b5c56c732bab367ebafd02b24e8da79855c39e2e70fe19ad9f5f15de86ebe1,5269,1,143.11
train_03766.png,d1b5c56c732bab367ebafd02b24e8da79855c39e2e70fe19ad9f5f15de86ebe1,5269,0,319.17
train_03486.png,d1faf22008d266d0cdeec0a943c808a7111e613f4cceb24c37c67567aed4e7d2,5274,0,342.14
train_07129.png,d1faf22008d266d0cdeec0a943c808a7111e613f4cceb24c37c67567aed4e7d2,5274,1,346.13
train_02602.png,d2307950f02fabf6b631d3265632649a539e795105b654df95ea3fa59681151d,5281,0,297.15
train_04776.png,d2307950f02fabf6b631d3265632649a539e795105b654df95ea3fa59681151d,5281,1,35.66
train_01505.png,d28bbea43650f37925c6cf9a3841b615e1c553ba28bacde563f07641875b2d50,5289,1,55.65
train_02047.png,d28bbea43650f37925c6cf9a3841b615e1c553ba28bacde563f07641875b2d50,5289,0,300.99
train_01310.png,d2b2a85cdc975d931ff9055a385113dded37e5714aaed1a8b04f0f23b14d0187,5295,1,113.42
train_06638.png,d2b2a85cdc975d931ff9055a385113dded37e5714aaed1a8b04f0f23b14d0187,5295,0,279.77
train_02363.png,d2d625f1e8c3f43518e7199695889fdfaf95b0151c85b430144095f0eac7e0ca,5301,0,336.5
train_04250.png,d2d625f1e8c3f43518e7199695889fdfaf95b0151c85b430144095f0eac7e0ca,5301,1,91.56
train_02586.png,d2df4318f8e990cf24b0251452b3e05daea417ac6bd3bf168c7f5ca692dfb87c,5302,1,315.0
train_06937.png,d2df4318f8e990cf24b0251452b3e05daea417ac6bd3bf168c7f5ca692dfb87c,5302,0,350.93
train_00369.png,d308033ecb0844c2fed5ff04ea46a0f7a8d0372bdc2d0f59826583af0629a131,5305,0,19.38
train_06504.png,d308033ecb0844c2fed5ff04ea46a0f7a8d0372bdc2d0f59826583af0629a131,5305,1,37.24
train_05468.png,d3177ffbeb9708d39ad3ae288e67f301f5c1c87f17273f631a63d8674544955f,5308,1,241.13
train_07787.png,d3177ffbeb9708d39ad3ae288e67f301f5c1c87f17273f631a63d8674544955f,5308,0,94.52
train_03367.png,d3473271a3eefcab812c06f976716ae22d90f8918a9b7e5edab82819e32a243b,5309,0,292.57
train_05331.png,d3473271a3eefcab812c06f976716ae22d90f8918a9b7e5edab82819e32a243b,5309,1,358.18
train_02043.png,d34fa2215b0e6b44dc75196a74f759956c76f5f0a8adc0bfcdbfe6792072829d,5311,0,300.95
train_02516.png,d34fa2215b0e6b44dc75196a74f759956c76f5f0a8adc0bfcdbfe6792072829d,5311,1,200.5
train_01339.png,d37e7982fbdf0942a8f33c51546eca15995df8ea90fe98864361cc497106cad7,5317,1,49.29
train_02034.png,d37e7982fbdf0942a8f33c51546eca15995df8ea90fe98864361cc497106cad7,5317,0,302.89
train_01249.png,d391fcd265b950855af739ba6da9f461347bd29f9cc138a4f347d41ddc9e5264,5320,0,342.34
train_04452.png,d391fcd265b950855af739ba6da9f461347bd29f9cc138a4f347d41ddc9e5264,5320,1,6.68
train_04998.png,d3cf3ee17944568cf9d82dd7072d09a5e2f771dc93098cedab8e16db18a508d5,5326,0,284.05
train_05842.png,d3cf3ee17944568cf9d82dd7072d09a5e2f771dc93098cedab8e16db18a508d5,5326,1,32.35
train_01709.png,d3f145489c5db48795564021359618f0af6efa8630148bd02f98419ef6322487,5328,1,16.24
train_04808.png,d3f145489c5db48795564021359618f0af6efa8630148bd02f98419ef6322487,5328,0,321.67
train_04146.png,d40d523d63aa6a7a9eef2b5c6e7deeda1fedc9aa1b3783a593b999a7bf011990,5335,1,52.08
train_05609.png,d40d523d63aa6a7a9eef2b5c6e7deeda1fedc9aa1b3783a593b999a7bf011990,5335,0,348.67
train_01835.png,d40f7bd56d559542820949a92188a27009e15e6f06c10911488d922a199bd322,5337,0,306.54
train_04270.png,d40f7bd56d559542820949a92188a27009e15e6f06c10911488d922a199bd322,5337,1,152.37
train_00466.png,d4517c3e08ffed95e0a39ace75201a97fa29a8eccaf12aa5cecc01990f924b3e,5343,0,349.61
train_01607.png,d4517c3e08ffed95e0a39ace75201a97fa29a8eccaf12aa5cecc01990f924b3e,5343,1,48.08
train_01525.png,d45a8e1f4d3acfeec6a8a43a04a3ed06d629e6abe99e0494a24c6e0644cbabb8,5344,1,95.45
train_04269.png,d45a8e1f4d3acfeec6a8a43a04a3ed06d629e6abe99e0494a24c6e0644cbabb8,5344,0,154.92
train_01974.png,d50d0317f5aaaa6556aff35995a90b936ea42e522981f07e1b3bcbf281c16477,5362,1,175.66
train_07303.png,d50d0317f5aaaa6556aff35995a90b936ea42e522981f07e1b3bcbf281c16477,5362,0,308.71
train_00657.png,d526934514dca27acb9c90a7723228bd8f578aa9f09cbcbc9be9e30089886d91,5371,0,276.69
train_04628.png,d526934514dca27acb9c90a7723228bd8f578aa9f09cbcbc9be9e30089886d91,5371,1,47.17
train_04242.png,d5348ad0feff68d76d1b0003ca7a5a217cd9e112f410fd219185675cc19e0843,5372,1,282.56
train_05147.png,d5348ad0feff68d76d1b0003ca7a5a217cd9e112f410fd219185675cc19e0843,5372,0,341.6
train_06533.png,d552244ca450f644b22efbca7987a4c35d534ce8815887a5d1cb6440abf3fce2,5374,0,312.7
train_07334.png,d552244ca450f644b22efbca7987a4c35d534ce8815887a5d1cb6440abf3fce2,5374,1,287.85
train_00893.png,d5bc708cd943427e136d73d02bae8c7046b5a7636a08ffccc99059e7b4346d31,5384,1,155.75
train_02894.png,d5bc708cd943427e136d73d02bae8c7046b5a7636a08ffccc99059e7b4346d31,5384,0,292.0
train_01751.png,d5bff293606a31812dc9139516a419ca8440a9a6143490c1f104680bbe512b1a,5385,1,38.49
train_05642.png,d5bff293606a31812dc9139516a419ca8440a9a6143490c1f104680bbe512b1a,5385,0,342.54
train_03983.png,d6063c5581b2f26d3fcaa7cdf46fef55cc8a7003a9982183deba2e267f423b0e,5389,0,281.86
train_06101.png,d6063c5581b2f26d3fcaa7cdf46fef55cc8a7003a9982183deba2e267f423b0e,5389,1,59.6
train_01965.png,d656219b517277cf152f15fc42346b491b7b327299d23726cb9de3163fa07280,5396,1,66.12
train_06907.png,d656219b517277cf152f15fc42346b491b7b327299d23726cb9de3163fa07280,5396,0,347.64
train_01506.png,d67415948a6d23d4eceacddc016eb8f6c7be32342c4e37d3addae6165a734537,5398,1,320.09
train_03502.png,d67415948a6d23d4eceacddc016eb8f6c7be32342c4e37d3addae6165a734537,5398,0,295.55
train_03840.png,d6a528ead12ed3c10999d41246f073d4753e22b677c288cd955abcca128f077b,5406,1,53.14
train_04211.png,d6a528ead12ed3c10999d41246f073d4753e22b677c288cd955abcca128f077b,5406,0,343.68
train_00944.png,d6d3139d01fd072f296aebbbd8dd76682ec101b410ddfc318056e094fbb40581,5411,0,343.12
train_05238.png,d6d3139d01fd072f296aebbbd8dd76682ec101b410ddfc318056e094fbb40581,5411,1,333.39
train_02257.png,d74928b79ae67439de8aa9da6afedb718a8637b5af5ac18e00ca45bcfb8ac133,5419,0,304.6
train_06177.png,d74928b79ae67439de8aa9da6afedb718a8637b5af5ac18e00ca45bcfb8ac133,5419,1,188.34
train_05504.png,d751f22184fcb32f76bc3fec4bc5cb06716ca16283b833905f7521963e570d0e,5420,0,337.14
train_06045.png,d751f22184fcb32f76bc3fec4bc5cb06716ca16283b833905f7521963e570d0e,5420,1,130.73
train_04581.png,d75c0fe93b4f3b88c392d124db8d814e687512fbcb405b51e2eec6bc167c0233,5422,1,197.7
train_06788.png,d75c0fe93b4f3b88c392d124db8d814e687512fbcb405b51e2eec6bc167c0233,5422,0,76.55
train_00757.png,d76a5e6b1d4e0efbe64a0db2d8abe794b44e79eba3b298cc9efd2472244e5a3b,5425,1,180.35
train_02049.png,d76a5e6b1d4e0efbe64a0db2d8abe794b44e79eba3b298cc9efd2472244e5a3b,5425,0,316.48
train_03773.png,d78771f353f8a597da6c656db21cf17a736923ffe2a1b44ef4afaa96616edf64,5428,1,257.02
train_07492.png,d78771f353f8a597da6c656db21cf17a736923ffe2a1b44ef4afaa96616edf64,5428,0,323.03
train_06378.png,d7a0f76a408f5b2d645b1255fc3596e0418ebe054407cbc6f477865711a7b2ff,5429,0,209.01
train_07651.png,d7a0f76a408f5b2d645b1255fc3596e0418ebe054407cbc6f477865711a7b2ff,5429,1,74.79
train_02297.png,d7ba2986ac3aadde4901a119e7dea74a9fa0629e1fc75d4b915fc75016e5e8f2,5431,1,93.38
train_02692.png,d7ba2986ac3aadde4901a119e7dea74a9fa0629e1fc75d4b915fc75016e5e8f2,5431,0,171.34
train_03175.png,d7d990ea75cd30e441f4cf7349fdb9bf0b7755be6a666a383a945ffdaf18e772,5435,1,282.88
train_04349.png,d7d990ea75cd30e441f4cf7349fdb9bf0b7755be6a666a383a945ffdaf18e772,5435,0,319.29
train_00827.png,d7e95704c254ecfa669a6373ff5ef44089433ac6a263b25c11cdac7493523e85,5438,0,297.52
train_05538.png,d7e95704c254ecfa669a6373ff5ef44089433ac6a263b25c11cdac7493523e85,5438,1,186.8
train_00595.png,d7f423814f759a0a08a52dc65d02d4b0010a92bd6a5d02a38a9809a369872239,5440,1,256.53
train_04206.png,d7f423814f759a0a08a52dc65d02d4b0010a92bd6a5d02a38a9809a369872239,5440,0,273.14
train_07327.png,d8190f0395d68f0a8a0d7f41ae8370d5522c563f0703d85cbaebeea1941ae712,5444,0,336.94
train_07681.png,d8190f0395d68f0a8a0d7f41ae8370d5522c563f0703d85cbaebeea1941ae712,5444,1,7.16
train_02060.png,d81d410d1ae21fb4600e3e2150477b6840827b0f6794512462a57a6feac60bd9,5446,0,283.89
train_03282.png,d81d410d1ae21fb4600e3e2150477b6840827b0f6794512462a57a6feac60bd9,5446,1,209.72
train_04223.png,d89234bbc675935c5c7730a7b885423ded79fa52bda72e85b1adf856ff4c638b,5452,0,323.42
train_05675.png,d89234bbc675935c5c7730a7b885423ded79fa52bda72e85b1adf856ff4c638b,5452,1,209.72
train_00948.png,d8fb0bd48e115975227855869650c2c428c3bc59a67597e5654bb28cebf4890d,5459,1,34.44
train_04862.png,d8fb0bd48e115975227855869650c2c428c3bc59a67597e5654bb28cebf4890d,5459,0,298.25
train_00638.png,d94a6a300bafa11b63e25c041cbb8b2dabc2bcde678035cdc757e7190e9f9f38,5465,1,117.28
train_06745.png,d94a6a300bafa11b63e25c041cbb8b2dabc2bcde678035cdc757e7190e9f9f38,5465,0,326.13
train_05231.png,d9a36ddfa4d279148e7740df3cfc2eb5ca8a3fa4d266804701ecaae671a7498e,5469,0,328.08
train_07382.png,d9a36ddfa4d279148e7740df3cfc2eb5ca8a3fa4d266804701ecaae671a7498e,5469,1,26.34
train_05558.png,d9b69c096c11de23935b6e755226b7a389f7d475da3ba20e449c270a75c72e36,5474,0,333.1
train_06308.png,d9b69c096c11de23935b6e755226b7a389f7d475da3ba20e449c270a75c72e36,5474,1,104.93
train_00101.png,da4ddc33a44c1a92a58658952ac8daf62213886e9568b9e11de09aa22a956362,5491,0,355.42
train_00512.png,da4ddc33a44c1a92a58658952ac8daf62213886e9568b9e11de09aa22a956362,5491,1,38.92
train_00945.png,dab485f2b4a97933623482c03f00c3bbfdb05758596b33df4a46a7dc2666f1a5,5499,1,325.83
train_05815.png,dab485f2b4a97933623482c03f00c3bbfdb05758596b33df4a46a7dc2666f1a5,5499,0,333.57
train_05276.png,daf52e5760f83b437c5a6fa25e9c58d270280cd381db8f4468908b53d98d431a,5502,0,70.65
train_07142.png,daf52e5760f83b437c5a6fa25e9c58d270280cd381db8f4468908b53d98d431a,5502,1,274.4
train_04906.png,daf5c1315ca809f0281ae6d1bf25b7df7e0541559f45856487b3892ab2671d3b,5503,0,177.08
train_06957.png,daf5c1315ca809f0281ae6d1bf25b7df7e0541559f45856487b3892ab2671d3b,5503,1,82.39
train_00567.png,db656026f635cc0a41dd54cd258b23049fde86a42bee554a83d971eae3b53a2e,5511,0,277.86
train_04460.png,db656026f635cc0a41dd54cd258b23049fde86a42bee554a83d971eae3b53a2e,5511,1,273.27
train_00510.png,db6c7673a508ec9910977082f9fd84e08f9fd728602f22899ee9f675797d0b5b,5512,0,318.95
train_06630.png,db6c7673a508ec9910977082f9fd84e08f9fd728602f22899ee9f675797d0b5b,5512,1,272.7
train_06607.png,dbabf789f6680324ca6e1bc8881a52f0d6fbd2ed5ecc92e1bcd0f97fae000de0,5520,0,292.63
train_06808.png,dbabf789f6680324ca6e1bc8881a52f0d6fbd2ed5ecc92e1bcd0f97fae000de0,5520,1,102.76
train_06305.png,dbea0a8dc4e4de637a1e01f0ac7a4eea439333b345fb7b667aaf7f5d32d777fa,5524,0,338.8
train_07836.png,dbea0a8dc4e4de637a1e01f0ac7a4eea439333b345fb7b667aaf7f5d32d777fa,5524,1,71.81
train_00976.png,dc298d3cf785fd6ce65b5b95b2b12fee8492fa76c54695f836b134fbbe662683,5531,0,346.65
train_07120.png,dc298d3cf785fd6ce65b5b95b2b12fee8492fa76c54695f836b134fbbe662683,5531,1,183.2
train_01156.png,dc414914a9dd8a49fd84b7de36abcb194e53e8e9ae79aebf565aae4bcc7b10c4,5536,1,273.42
train_04634.png,dc414914a9dd8a49fd84b7de36abcb194e53e8e9ae79aebf565aae4bcc7b10c4,5536,0,329.35
train_01415.png,dc68b7967e64aafec4df740de1e64075fd908687d5179500967a1522998745ed,5539,0,218.42
train_01460.png,dc68b7967e64aafec4df740de1e64075fd908687d5179500967a1522998745ed,5539,1,60.25
train_02146.png,dc7fedaec4a916a4fc28287c773f4ac8953fa915e2008de35e95960c72d02dcc,5541,1,63.97
train_06483.png,dc7fedaec4a916a4fc28287c773f4ac8953fa915e2008de35e95960c72d02dcc,5541,0,31.12
train_00617.png,dce8aa3ef8da9c8086610066515fc35046acfd4e388b4cd437a5a0d806c303ed,5547,0,338.58
train_01900.png,dce8aa3ef8da9c8086610066515fc35046acfd4e388b4cd437a5a0d806c303ed,5547,1,103.98
train_01553.png,dcf6de555079892ddc413621da0ea57a73d02c7c49d68db670f87a2f3bc4b1f5,5548,0,296.67
train_03909.png,dcf6de555079892ddc413621da0ea57a73d02c7c49d68db670f87a2f3bc4b1f5,5548,1,90.47
train_03391.png,dd14ac11b346c936d62d0fae43ce05ccaa7dbd2f1aa3709f5e6c8df30cae1c2a,5551,0,294.4
train_06583.png,dd14ac11b346c936d62d0fae43ce05ccaa7dbd2f1aa3709f5e6c8df30cae1c2a,5551,1,224.51
train_03934.png,dd71a309bdfe8da3f4b464f5e5190ce79ba950d589a18a92b28cc92ba9c7a728,5559,0,22.09
train_04237.png,dd71a309bdfe8da3f4b464f5e5190ce79ba950d589a18a92b28cc92ba9c7a728,5559,1,113.21
train_01840.png,ddb3319705fb388b3daeb05b38388f5f908567ccbad1ae22a3da6a65c4fe26a5,5563,1,324.1
train_06949.png,ddb3319705fb388b3daeb05b38388f5f908567ccbad1ae22a3da6a65c4fe26a5,5563,0,178.05
train_05778.png,ddc0004c03db109e45fb03bfe28bd16a160dc624aa5217c05f912db270365fac,5565,0,348.13
train_07575.png,ddc0004c03db109e45fb03bfe28bd16a160dc624aa5217c05f912db270365fac,5565,1,62.35
train_00958.png,de196b6bdefaa9d59ba5513382ca5b8388032f60425577ae850caa726ea403e0,5574,0,322.84
train_02710.png,de196b6bdefaa9d59ba5513382ca5b8388032f60425577ae850caa726ea403e0,5574,1,319.59
train_04630.png,de34e7dabdf8c2c7e7027ef40a2ab81bb3d8a444e49889bb3534df7e561c0d16,5577,0,344.27
train_05549.png,de34e7dabdf8c2c7e7027ef40a2ab81bb3d8a444e49889bb3534df7e561c0d16,5577,1,297.01
train_01874.png,de5a25d65118bfe06e78fe672ffbd8a48ffb7c9e5dd598d8c17f3fa544f97cca,5578,0,97.9
train_05414.png,de5a25d65118bfe06e78fe672ffbd8a48ffb7c9e5dd598d8c17f3fa544f97cca,5578,1,39.73
train_04733.png,dea0bd19fb2b7e0cc633c9b165778f35decc583a0b09d6357abc8c10e4b71613,5582,1,218.5
train_05357.png,dea0bd19fb2b7e0cc633c9b165778f35decc583a0b09d6357abc8c10e4b71613,5582,0,11.22
train_03870.png,dec30d334ff4c2b0d6d7789f8c4af75161ce40dbce817ad89311ced0977c3997,5584,1,37.74
train_07231.png,dec30d334ff4c2b0d6d7789f8c4af75161ce40dbce817ad89311ced0977c3997,5584,0,341.02
train_01223.png,ded3508c2bc4ea62a34a2b7cce39815f0e656f10adbae19cefd23c4e31976635,5588,1,292.0
train_06855.png,ded3508c2bc4ea62a34a2b7cce39815f0e656f10adbae19cefd23c4e31976635,5588,0,281.35
train_00426.png,dede93a24c6b723496f29ac8d4be99e7c5260a088c6bea91e0cf01789fb96322,5590,1,53.4
train_05700.png,dede93a24c6b723496f29ac8d4be99e7c5260a088c6bea91e0cf01789fb96322,5590,0,319.02
train_04851.png,df1243195b6d04e06ab0c1033bf3f625b2ff8272151f10451b0be58bf4253b2c,5597,0,355.28
train_07099.png,df1243195b6d04e06ab0c1033bf3f625b2ff8272151f10451b0be58bf4253b2c,5597,1,320.41
train_05275.png,df1a13966d1203b1fc623b55a622002fe164ee8f2b58a1af7fba0785cf0253e5,5600,0,307.18
train_07069.png,df1a13966d1203b1fc623b55a622002fe164ee8f2b58a1af7fba0785cf0253e5,5600,1,122.96
train_01853.png,df533e600378a7d11ea89a0386c04752f954a7486d75e2c50d7c8fcd93a6ba77,5602,1,180.37
train_07622.png,df533e600378a7d11ea89a0386c04752f954a7486d75e2c50d7c8fcd93a6ba77,5602,0,348.82
train_05042.png,df61d9563b5afae9500063946823ab8c084faf6d6d08c4ee65aee7c3344d320f,5603,0,339.23
train_06837.png,df61d9563b5afae9500063946823ab8c084faf6d6d08c4ee65aee7c3344d320f,5603,1,49.66
train_00878.png,dfad1726ff2a8eacefe367d00680b9aced7932f7486093388301f8b6a3a2d471,5610,0,110.8
train_03410.png,dfad1726ff2a8eacefe367d00680b9aced7932f7486093388301f8b6a3a2d471,5610,1,102.18
train_02055.png,dfc604de6452dcd420fea31fd01e11eb2c96c7fd73e2818b1e7ff75ba94cb6e6,5612,1,183.96
train_05986.png,dfc604de6452dcd420fea31fd01e11eb2c96c7fd73e2818b1e7ff75ba94cb6e6,5612,0,326.59
train_03099.png,dfed3a4d3ee49b8e49aab66bceea6144bc38f6e488ef4f64b3824595426f1df7,5615,1,246.75
train_07093.png,dfed3a4d3ee49b8e49aab66bceea6144bc38f6e488ef4f64b3824595426f1df7,5615,0,335.68
train_03563.png,dff5ef9ddf6106f7d5853ae848312023d07f1e95d763d0fe8fa64642da5688f0,5617,1,315.21
train_07404.png,dff5ef9ddf6106f7d5853ae848312023d07f1e95d763d0fe8fa64642da5688f0,5617,0,319.26
train_00848.png,e086a6a03bf1c21a324e6b50fe1b625e57bd46930ce062af20aa7d9be8b7c9a9,5624,1,67.21
train_02160.png,e086a6a03bf1c21a324e6b50fe1b625e57bd46930ce062af20aa7d9be8b7c9a9,5624,0,190.73
train_00157.png,e09bf532bca1a005106763cc9f604e79ffc363c45a16b5f4d85c24243a68c52f,5627,0,345.19
train_00185.png,e09bf532bca1a005106763cc9f604e79ffc363c45a16b5f4d85c24243a68c52f,5627,1,88.18
train_05626.png,e0a07de67a8fc68fb6a7de9fb98826ed4199c15b24846d6acac8b21abf4d184a,5628,0,327.24
train_06826.png,e0a07de67a8fc68fb6a7de9fb98826ed4199c15b24846d6acac8b21abf4d184a,5628,1,204.0
train_03956.png,e0b096bfbe02323c117a81e92cbfbc075e4758a93ec944807aca56f28d65f737,5630,0,330.23
train_06362.png,e0b096bfbe02323c117a81e92cbfbc075e4758a93ec944807aca56f28d65f737,5630,1,81.67
train_05144.png,e106837ca3e88db327df22c99a27085e2ce93406c476d5b31ca5acaed030c88e,5633,1,15.49
train_05523.png,e106837ca3e88db327df22c99a27085e2ce93406c476d5b31ca5acaed030c88e,5633,0,342.31
train_03902.png,e12ac6c74fabdac77de4ddfd93b8ba182caf3cff3e97fda40fb9523fa278ca3c,5636,1,188.67
train_04723.png,e12ac6c74fabdac77de4ddfd93b8ba182caf3cff3e97fda40fb9523fa278ca3c,5636,0,295.29
train_05429.png,e17a1c58eefab75dcc3d0e11efdf4f5c3460a7b540e088ba9cd216012f6d64da,5650,0,310.24
train_06747.png,e17a1c58eefab75dcc3d0e11efdf4f5c3460a7b540e088ba9cd216012f6d64da,5650,1,345.4
train_00979.png,e223f1128ce01522651026cf0186bf185b02913ff2b16fd017cae7c4ad527c6c,5662,0,276.32
train_06255.png,e223f1128ce01522651026cf0186bf185b02913ff2b16fd017cae7c4ad527c6c,5662,1,156.39
train_00785.png,e22cec6974966fee5848ea6883edc771c77983e859c891140ccfbabe843f04ae,5663,1,332.0
train_05727.png,e22cec6974966fee5848ea6883edc771c77983e859c891140ccfbabe843f04ae,5663,0,296.11
train_00725.png,e296224fc1eb37b94843909f867cf855aa85df6e2d6940ce311bda338ff41a55,5669,1,115.2
train_07557.png,e296224fc1eb37b94843909f867cf855aa85df6e2d6940ce311bda338ff41a55,5669,0,280.74
train_00695.png,e29f6d80cd680316c51c932f8d5a7d0cd8070169d601a138ed20d118b9700c74,5671,0,305.06
train_02263.png,e29f6d80cd680316c51c932f8d5a7d0cd8070169d601a138ed20d118b9700c74,5671,1,114.15
train_00402.png,e2a8e49d1822553c69a878f51e3a2254eef5927d7a5b3bd1582d5b3910aa9b93,5672,0,352.49
train_05522.png,e2a8e49d1822553c69a878f51e3a2254eef5927d7a5b3bd1582d5b3910aa9b93,5672,1,142.43
train_00386.png,e2e7406d7790a7efb4e2a5c8a646b6b115d2ed756fcb2e517b5b55bd3723e781,5676,1,353.61
train_07354.png,e2e7406d7790a7efb4e2a5c8a646b6b115d2ed756fcb2e517b5b55bd3723e781,5676,0,169.14
train_01792.png,e2f5da6342e734144177f21a0beca70eda48cbc43b144d4171165b2b679aa526,5678,0,349.16
train_04153.png,e2f5da6342e734144177f21a0beca70eda48cbc43b144d4171165b2b679aa526,5678,1,299.31
train_00509.png,e374fb62676140a4d03cc5e9831196e4f5f525bb05938e8b085db8cfab288534,5689,0,348.17
train_01530.png,e374fb62676140a4d03cc5e9831196e4f5f525bb05938e8b085db8cfab288534,5689,1,143.26
train_00830.png,e3779c1bce10beae5c83a1bf8922c9b87d985a05a6df902565a9c819e9c6bf44,5690,0,340.63
train_07034.png,e3779c1bce10beae5c83a1bf8922c9b87d985a05a6df902565a9c819e9c6bf44,5690,1,94.62
train_00023.png,e3bc931a8b344249a4ef044a7e5e706b371a7a3c6293c92538f529199ab5234c,5694,0,288.13
train_01787.png,e3bc931a8b344249a4ef044a7e5e706b371a7a3c6293c92538f529199ab5234c,5694,1,212.2
train_03030.png,e3bd968cf0049eaac714314588227580e34476ddd45fe660263630105b13422b,5696,0,335.62
train_03548.png,e3bd968cf0049eaac714314588227580e34476ddd45fe660263630105b13422b,5696,1,327.41
train_02077.png,e3de01e47cbc5ce02056779c3cc7fb21fbaa8156d44edb5498bb4d943f963e2d,5698,1,296.44
train_02482.png,e3de01e47cbc5ce02056779c3cc7fb21fbaa8156d44edb5498bb4d943f963e2d,5698,0,274.25
train_07237.png,e433f6523fa6e472c9624bd0f3dc091d9a3183a808a1a3c3dc63809971a39bcf,5705,1,143.78
train_07481.png,e433f6523fa6e472c9624bd0f3dc091d9a3183a808a1a3c3dc63809971a39bcf,5705,0,301.49
train_02660.png,e439994a7b352fc2a67c9ded5c9393480faef3aa104f01fae2d5b4a25c99bb60,5708,0,293.46
train_04013.png,e439994a7b352fc2a67c9ded5c9393480faef3aa104f01fae2d5b4a25c99bb60,5708,1,193.35
train_01253.png,e43d5988a9a9faf459a078c0487924ec49b7c47dda1d4c5b9a4df5f865f607fa,5709,1,27.89
train_03186.png,e43d5988a9a9faf459a078c0487924ec49b7c47dda1d4c5b9a4df5f865f607fa,5709,0,352.48
train_00767.png,e43dced149fa083d12c35000d66b9d3d487868c3ed6c34608f8e3bdaee746370,5710,0,337.22
train_05527.png,e43dced149fa083d12c35000d66b9d3d487868c3ed6c34608f8e3bdaee746370,5710,1,91.26
train_05447.png,e43ffca8b9b6a52a147f0ded4144ce31e2e0e2dd82f42e6ea3f0bae644d94454,5711,1,65.84
train_07596.png,e43ffca8b9b6a52a147f0ded4144ce31e2e0e2dd82f42e6ea3f0bae644d94454,5711,0,273.6
train_03527.png,e46dd615d9b9c76a8cf41a1bda5475bf545cd3986d2f02acc28d0efc2d9741f3,5715,0,288.93
train_04803.png,e46dd615d9b9c76a8cf41a1bda5475bf545cd3986d2f02acc28d0efc2d9741f3,5715,1,351.81
train_00901.png,e473a30a6950b50b834330d17f7a22c72440676b918367e91eaffbdcac2507f4,5717,1,219.06
train_05989.png,e473a30a6950b50b834330d17f7a22c72440676b918367e91eaffbdcac2507f4,5717,0,340.44
train_00305.png,e503b7631fe20d4cb6e699cd13b0b35fb71a4528c5327afb60d65c67265fe370,5731,1,186.0
train_05529.png,e503b7631fe20d4cb6e699cd13b0b35fb71a4528c5327afb60d65c67265fe370,5731,0,277.11
train_02386.png,e5151767fb375c6ca6c3d4cae053784e4576e6f8a44cfd87dbeb992558255ee2,5736,1,215.15
train_04691.png,e5151767fb375c6ca6c3d4cae053784e4576e6f8a44cfd87dbeb992558255ee2,5736,0,250.25
train_01177.png,e5760afc7f29bcec480fd03a472ec90851c2ea2cc018a1ee62ace365a6707189,5746,0,222.98
train_03636.png,e5760afc7f29bcec480fd03a472ec90851c2ea2cc018a1ee62ace365a6707189,5746,1,290.07
train_01097.png,e59684e64bc235f1981315175e351491c5925ce3776aede35616c61b70d6eb70,5747,0,126.19
train_02185.png,e59684e64bc235f1981315175e351491c5925ce3776aede35616c61b70d6eb70,5747,1,65.18
train_00310.png,e5dbe834bb16098c422267111e39b44341e9d59592ef8425f9b778d4eecef5e9,5751,0,270.34
train_05672.png,e5dbe834bb16098c422267111e39b44341e9d59592ef8425f9b778d4eecef5e9,5751,1,156.59
train_04649.png,e64361dfe02f65c3543183a827123cf3848a9867e2933291974176b024196532,5756,0,299.98
train_05373.png,e64361dfe02f65c3543183a827123cf3848a9867e2933291974176b024196532,5756,1,184.35
train_05450.png,e6b276f7879cf5e7932f014ca8b9dd3dd804c99786a72e354944b31cd7105412,5765,1,239.95
train_06122.png,e6b276f7879cf5e7932f014ca8b9dd3dd804c99786a72e354944b31cd7105412,5765,0,323.94
train_00686.png,e6c3a12dc190d27de5d6c84e354d581c4b59d8da4f01c90e551d432907dee4ec,5767,1,333.36
train_01889.png,e6c3a12dc190d27de5d6c84e354d581c4b59d8da4f01c90e551d432907dee4ec,5767,0,299.02
train_03835.png,e6d1b9c71263aeb8d34f8ea17e88651454f2916d63bca37ad8b25eee2767c12f,5771,1,238.84
train_04084.png,e6d1b9c71263aeb8d34f8ea17e88651454f2916d63bca37ad8b25eee2767c12f,5771,0,347.07
train_05612.png,e6d1e23749b3269a3fe7ae0f41e4c81987516cd181bcca23f08940347a90f2af,5772,1,17.18
train_07263.png,e6d1e23749b3269a3fe7ae0f41e4c81987516cd181bcca23f08940347a90f2af,5772,0,351.52
train_03601.png,e71f1e2bfd51edb1932f70e49e085eede94170206c6f51d64a31dd6fa58b53d6,5780,1,254.52
train_07582.png,e71f1e2bfd51edb1932f70e49e085eede94170206c6f51d64a31dd6fa58b53d6,5780,0,352.7
train_00273.png,e77de4d51353a872ea06f9334e0746d081264d664a53e87fd65982814fbdc976,5789,1,315.96
train_07328.png,e77de4d51353a872ea06f9334e0746d081264d664a53e87fd65982814fbdc976,5789,0,306.96
train_02476.png,e78543810959f8ef0c5dfbf13f059bc297a53018400a4f0e323b64996b89c127,5790,1,106.49
train_03250.png,e78543810959f8ef0c5dfbf13f059bc297a53018400a4f0e323b64996b89c127,5790,0,317.49
train_07333.png,e79077b6cd9b77198fa7f2a8cb264682245524729f9d115087e720630a1dc7ea,5791,0,354.08
train_07819.png,e79077b6cd9b77198fa7f2a8cb264682245524729f9d115087e720630a1dc7ea,5791,1,52.28
train_02525.png,e79c6a7235e13216b506fbfbf43b0007782c1580c7721fcbfdea1fcf720a44c7,5792,0,303.12
train_04370.png,e79c6a7235e13216b506fbfbf43b0007782c1580c7721fcbfdea1fcf720a44c7,5792,1,25.69
train_03153.png,e7a143046b83014bdae7b8541846183de428ab5f915d8bcf0e0c218769e2b4d8,5794,1,289.93
train_04816.png,e7a143046b83014bdae7b8541846183de428ab5f915d8bcf0e0c218769e2b4d8,5794,0,302.4
train_01758.png,e7a8223f972f691ec77598fac1f4fcb860ca93cbd8bae55b0b94c2840a44b51e,5796,1,244.74
train_06857.png,e7a8223f972f691ec77598fac1f4fcb860ca93cbd8bae55b0b94c2840a44b51e,5796,0,275.17
train_00107.png,e81a2d4827d13ab4058b99a8fb9b026f3d2d765231439533bd9ea531c8dc51ad,5807,1,24.64
train_02552.png,e81a2d4827d13ab4058b99a8fb9b026f3d2d765231439533bd9ea531c8dc51ad,5807,0,291.19
train_01182.png,e81ba56edfdba19ec5fd23a15c48d8432e5cf6abd6d2a3b347aa865d9f4d4fd8,5808,0,285.12
train_03507.png,e81ba56edfdba19ec5fd23a15c48d8432e5cf6abd6d2a3b347aa865d9f4d4fd8,5808,1,33.59
train_02062.png,e81d35facaf59e0ea13c65783cf4288f7d8c1c86da36a2f879b7911ce42fee00,5810,1,257.06
train_07269.png,e81d35facaf59e0ea13c65783cf4288f7d8c1c86da36a2f879b7911ce42fee00,5810,0,299.41
train_01422.png,e8594a558a7a7b5f6f35cddd7a112143a32c451f75b2230347446925b92edb63,5815,1,127.78
train_04152.png,e8594a558a7a7b5f6f35cddd7a112143a32c451f75b2230347446925b92edb63,5815,0,319.75
train_01881.png,e8694e9652733ddaf2fea38779dc76281e5a84130f6216e2a8273709393a270c,5819,1,188.28
train_05613.png,e8694e9652733ddaf2fea38779dc76281e5a84130f6216e2a8273709393a270c,5819,0,319.47
train_03292.png,e8f0f79d5ea54f8eed794c4474f51881cff6d8956a0c07b8912e9f8d49001903,5830,0,302.35
train_04355.png,e8f0f79d5ea54f8eed794c4474f51881cff6d8956a0c07b8912e9f8d49001903,5830,1,112.94
train_01297.png,e91dbca726eaa19abcc549e010318801a513e169bd84d69a7f13d818da29977d,5832,0,359.41
train_02823.png,e91dbca726eaa19abcc549e010318801a513e169bd84d69a7f13d818da29977d,5832,1,311.28
train_05405.png,e95d27550e4d9e80ac5fd1c33b16c96162d871528c913fd142bb9a55b6753845,5836,0,289.28
train_07170.png,e95d27550e4d9e80ac5fd1c33b16c96162d871528c913fd142bb9a55b6753845,5836,1,69.31
train_03694.png,e96d249f30eaa60c4898b626d1a71061b6a09e728f7b5c33aeed6beae9296606,5839,1,14.56
train_06393.png,e96d249f30eaa60c4898b626d1a71061b6a09e728f7b5c33aeed6beae9296606,5839,0,293.28
train_00147.png,e9926ce028f73a2d939237bfc7f7b7596f1f073c8b16a58e01a3fc1e564d0183,5842,1,203.46
train_06895.png,e9926ce028f73a2d939237bfc7f7b7596f1f073c8b16a58e01a3fc1e564d0183,5842,0,278.6
train_01006.png,e9edf0ea565c49c30ccf4f70a9edb4943ea57363a22c1b5d96a113e3a2943ae0,5849,0,325.93
train_05594.png,e9edf0ea565c49c30ccf4f70a9edb4943ea57363a22c1b5d96a113e3a2943ae0,5849,1,14.2
train_01382.png,ea0df63991be8ae83747eb1a1c03209905b592f3261401c1e36499bd542ab33a,5852,0,290.4
train_01584.png,ea0df63991be8ae83747eb1a1c03209905b592f3261401c1e36499bd542ab33a,5852,1,139.44
train_05983.png,ea10fbebb2212f9743a00d63f97d57a5712bc0f93838b42917b50fdfcaeeebd6,5854,0,131.89
train_07428.png,ea10fbebb2212f9743a00d63f97d57a5712bc0f93838b42917b50fdfcaeeebd6,5854,1,91.03
train_01311.png,ea3fb5d6a51cc613b8cd30a6da6474a4bbf8e8555b15002d271c7c84b7864699,5859,0,346.61
train_03277.png,ea3fb5d6a51cc613b8cd30a6da6474a4bbf8e8555b15002d271c7c84b7864699,5859,1,51.06
train_02601.png,ea9acbcc24892f63d3104e14b0da4e9a7d9c75212c60e8d6ee45ce7a2540da96,5865,1,300.24
train_04936.png,ea9acbcc24892f63d3104e14b0da4e9a7d9c75212c60e8d6ee45ce7a2540da96,5865,0,98.93
train_00117.png,eaaac28ceff37b358090df91848d229e910fd0025beca2d3b50f45ab0f531816,5868,0,317.7
train_07679.png,eaaac28ceff37b358090df91848d229e910fd0025beca2d3b50f45ab0f531816,5868,1,333.74
train_00646.png,eab3953f88c2bb05d04eb2530de9895fdabdf4c118c83b0c7357886ea0128d65,5870,0,307.14
train_02295.png,eab3953f88c2bb05d04eb2530de9895fdabdf4c118c83b0c7357886ea0128d65,5870,1,11.02
train_00483.png,eab6e46386f862e9204111d38e9ee9eff2458ee8076f15118b28cbbf8bb35a0e,5871,0,270.06
train_07432.png,eab6e46386f862e9204111d38e9ee9eff2458ee8076f15118b28cbbf8bb35a0e,5871,1,71.23
train_04209.png,eb036a774229c33b59fca0883e1dd457f31a7453a0085f164334c2853a3bc5cb,5884,1,346.93
train_06783.png,eb036a774229c33b59fca0883e1dd457f31a7453a0085f164334c2853a3bc5cb,5884,0,337.94
train_00613.png,eb5c912e2bcb94f60c896e54b33280cac3ef1a986de6f3ff62387c25a5c8929a,5893,0,295.73
train_01646.png,eb5c912e2bcb94f60c896e54b33280cac3ef1a986de6f3ff62387c25a5c8929a,5893,1,9.52
train_00086.png,eb7e541724a03ad97d225187b46497ee2323234c7166b85b8dedf3860840c86e,5899,0,296.83
train_05776.png,eb7e541724a03ad97d225187b46497ee2323234c7166b85b8dedf3860840c86e,5899,1,143.27
train_01786.png,eba1385ca82323fe0c069dc7e08f0e9751bfa0e8eb87a920d32870f3ae0d16fd,5900,0,303.05
train_04395.png,eba1385ca82323fe0c069dc7e08f0e9751bfa0e8eb87a920d32870f3ae0d16fd,5900,1,87.26
train_02749.png,ebc5add6bb3aa660b61017f8d1a2a74a779c727cbee8cec19a904df99ce32ce8,5903,1,159.33
train_07155.png,ebc5add6bb3aa660b61017f8d1a2a74a779c727cbee8cec19a904df99ce32ce8,5903,0,324.01
train_06509.png,ebca658ed58fbbcd70445d4c1299bb5f4352e314500021753c0bd9ed2f25685b,5904,1,42.29
train_06878.png,ebca658ed58fbbcd70445d4c1299bb5f4352e314500021753c0bd9ed2f25685b,5904,0,283.9
train_01098.png,ebec349359497f25ce71e0f6d007e74da3f018ed7f82a1fde7ee830aff95be27,5909,0,324.92
train_05328.png,ebec349359497f25ce71e0f6d007e74da3f018ed7f82a1fde7ee830aff95be27,5909,1,179.33
train_05666.png,ebf486d9cb8f3bf7cf098142d961a55652c528ead8be268119bd73429c194769,5911,0,290.61
train_07559.png,ebf486d9cb8f3bf7cf098142d961a55652c528ead8be268119bd73429c194769,5911,1,121.72
train_00524.png,ec0c9f73b0d59138a307fdd6e75827f7589eb144eabeb956fead4a2923f2aa68,5916,0,339.19
train_07244.png,ec0c9f73b0d59138a307fdd6e75827f7589eb144eabeb956fead4a2923f2aa68,5916,1,12.89
train_03412.png,ecad28017317580ea80188babe5c6622b55c73e6bb2895f9a9d32eb476645d11,5925,0,315.18
train_06861.png,ecad28017317580ea80188babe5c6622b55c73e6bb2895f9a9d32eb476645d11,5925,1,298.63
train_00065.png,ed54a2d8dba51808ad3d4ea329ee6f91f774d467794f3799c183a2bf3c6a9f68,5938,1,168.25
train_06559.png,ed54a2d8dba51808ad3d4ea329ee6f91f774d467794f3799c183a2bf3c6a9f68,5938,0,47.74
train_02433.png,edbe4fbca3f2f7e46658a57a34aea64ed4892d2e5df6403f86bb4720b2597fa8,5947,0,261.53
train_06417.png,edbe4fbca3f2f7e46658a57a34aea64ed4892d2e5df6403f86bb4720b2597fa8,5947,1,219.13
train_04717.png,edcf7a69149cf9a060af4af77f011eb16e997b4b06984826517cf6b18856cd64,5949,0,295.87
train_05899.png,edcf7a69149cf9a060af4af77f011eb16e997b4b06984826517cf6b18856cd64,5949,1,57.47
train_02161.png,edd1f1b79ffcb40988c046bd030820ebccd0b9035f67ecc177a2879f0eccc375,5950,0,174.7
train_04050.png,edd1f1b79ffcb40988c046bd030820ebccd0b9035f67ecc177a2879f0eccc375,5950,1,65.19
train_01797.png,edeb3ba65c4e36e2e9d4d855dfe800d6f56740bd7f59c72e6118f7911c32a851,5955,1,67.34
train_07298.png,edeb3ba65c4e36e2e9d4d855dfe800d6f56740bd7f59c72e6118f7911c32a851,5955,0,338.93
train_04112.png,ee44c060db69d33d018ee3e300a95c449254893915db94ee592739e597eb9ab5,5964,0,278.21
train_05479.png,ee44c060db69d33d018ee3e300a95c449254893915db94ee592739e597eb9ab5,5964,1,123.46
train_02726.png,ee67c390f7491c385b80797bd3f3563a451c2231a789e9b7a312699212cb8802,5969,1,348.78
train_04953.png,ee67c390f7491c385b80797bd3f3563a451c2231a789e9b7a312699212cb8802,5969,0,58.64
train_06799.png,ee6d0c8b117b453419fd4478c53ddce0a48d08a345b540e9bb9b9e6f42eec519,5970,1,20.46
train_07212.png,ee6d0c8b117b453419fd4478c53ddce0a48d08a345b540e9bb9b9e6f42eec519,5970,0,28.24
train_02871.png,ee83aa8c46d156d437f6e5ee0f2fdc2490e8666ee75b7bfc146d7282e8a3c24e,5972,0,266.99
train_03422.png,ee83aa8c46d156d437f6e5ee0f2fdc2490e8666ee75b7bfc146d7282e8a3c24e,5972,1,192.1
train_01074.png,eeae496263d8ef542341abd74880d553a88b456aa692565f599b58a5b15008af,5976,0,340.98
train_02766.png,eeae496263d8ef542341abd74880d553a88b456aa692565f599b58a5b15008af,5976,1,214.54
train_00489.png,eeb74f6ffc8945fbe0994861be1f35fa877bf2a7fc7eaa22360a27e9b680389d,5977,1,171.35
train_02907.png,eeb74f6ffc8945fbe0994861be1f35fa877bf2a7fc7eaa22360a27e9b680389d,5977,0,309.97
train_00362.png,eebf0b20a8665249ec93f1bf97bac90e32803b697de4225dd35307d1f7f5ce18,5980,0,350.0
train_00608.png,eebf0b20a8665249ec93f1bf97bac90e32803b697de4225dd35307d1f7f5ce18,5980,1,55.93
train_00472.png,eee09b5c3142d14032b31646ad9f3d385e3a97a569127d5d4faf608ae709de79,5985,0,304.84
train_02716.png,eee09b5c3142d14032b31646ad9f3d385e3a97a569127d5d4faf608ae709de79,5985,1,98.39
train_02588.png,ef079ec1b9e6a0d24177c0d0b01fe8db4b219c6fe834a5cd47cb3449c7d8a2bc,5991,1,120.24
train_02759.png,ef079ec1b9e6a0d24177c0d0b01fe8db4b219c6fe834a5cd47cb3449c7d8a2bc,5991,0,310.18
train_05093.png,ef280cd2e5d53e66c9f944e644f07bdd6e4a1f38c5fafbf0c0d8d8dc16f54bbf,5995,1,237.79
train_05136.png,ef280cd2e5d53e66c9f944e644f07bdd6e4a1f38c5fafbf0c0d8d8dc16f54bbf,5995,0,339.7
train_02695.png,ef2c428dcdd6bce7c08858e8c3f3aa7b5d1cc88c14e52bc323946f107d39a731,5996,0,337.3
train_04731.png,ef2c428dcdd6bce7c08858e8c3f3aa7b5d1cc88c14e52bc323946f107d39a731,5996,1,339.09
train_00839.png,ef2e12b268d34021ffcbb7c89726c6f086b8370f2d477161c5909c7a9c3bb4f9,5997,0,23.47
train_02308.png,ef2e12b268d34021ffcbb7c89726c6f086b8370f2d477161c5909c7a9c3bb4f9,5997,1,113.13
train_00598.png,ef32d6c23c32d5058105d42027ba8de97bd91d08cb4b8926d50f0314848d6a0c,5999,1,18.01
train_06871.png,ef32d6c23c32d5058105d42027ba8de97bd91d08cb4b8926d50f0314848d6a0c,5999,0,273.68
train_03628.png,ef69557c2e5c117cce2791ead267e7b82189c52bf1f7775dae4442a65e56284c,6003,0,342.82
train_07609.png,ef69557c2e5c117cce2791ead267e7b82189c52bf1f7775dae4442a65e56284c,6003,1,294.33
train_00318.png,efc8ced58eb8bb95c88fd00c780c122689b9d2eca86901c235ce767601b32968,6011,1,304.24
train_00352.png,efc8ced58eb8bb95c88fd00c780c122689b9d2eca86901c235ce767601b32968,6011,0,331.82
train_04419.png,f012fd5d36ae613e1a3a7d367ad4713b7ee5c74f12c2335899c80d34767b9002,6016,1,349.67
train_07274.png,f012fd5d36ae613e1a3a7d367ad4713b7ee5c74f12c2335899c80d34767b9002,6016,0,50.13
train_02743.png,f020b2124104e094c2176c957c86279110b872a3c34a2a99d93db72d65fa2dc5,6018,0,339.45
train_07567.png,f020b2124104e094c2176c957c86279110b872a3c34a2a99d93db72d65fa2dc5,6018,1,147.17
train_00900.png,f0425a139bdbf1605d4c856efb50e8d3b46b1c349f736dd2e881f3249f60b45a,6022,1,285.44
train_06629.png,f0425a139bdbf1605d4c856efb50e8d3b46b1c349f736dd2e881f3249f60b45a,6022,0,280.94
train_00988.png,f04a99507c65b3457004dd8e883fc12c3e39881b4a86331bc1e093ab2c38d266,6023,0,344.17
train_01575.png,f04a99507c65b3457004dd8e883fc12c3e39881b4a86331bc1e093ab2c38d266,6023,1,317.54
train_01144.png,f06a559bae74a597301ffdfdde244d4f4af1880d387b80d481e87fb475f9a013,6027,1,193.46
train_03366.png,f06a559bae74a597301ffdfdde244d4f4af1880d387b80d481e87fb475f9a013,6027,0,306.74
train_00289.png,f08de62881924b13f0531ecbbf5faf0e52763e4f5ed2e3b7a8298aafbe825ae1,6030,1,53.86
train_00799.png,f08de62881924b13f0531ecbbf5faf0e52763e4f5ed2e3b7a8298aafbe825ae1,6030,0,273.61
train_02194.png,f0be7f6feb28e31ac2a86e3907e325063bd289098540d5e83088301632d7b37b,6037,1,62.41
train_06720.png,f0be7f6feb28e31ac2a86e3907e325063bd289098540d5e83088301632d7b37b,6037,0,304.04
train_03210.png,f13d16c5a08252867f1f3055057aaefc37e624c75fe812e3b018a8fa40fcc94c,6047,0,310.72
train_07654.png,f13d16c5a08252867f1f3055057aaefc37e624c75fe812e3b018a8fa40fcc94c,6047,1,132.36
train_00390.png,f189f07bf63b65be5ab30cf9191f17327cb646e7418756b39e3bd83611b390ef,6050,0,287.07
train_01915.png,f189f07bf63b65be5ab30cf9191f17327cb646e7418756b39e3bd83611b390ef,6050,1,320.44
train_00810.png,f1954f72d641e68809673a88ecf3738e2278ea00da0b4cd0f3d7988e93e0bac2,6052,1,267.04
train_01068.png,f1954f72d641e68809673a88ecf3738e2278ea00da0b4cd0f3d7988e93e0bac2,6052,0,299.37
train_03262.png,f199a6d5c862d2e1c8d79f121bb09bb94e6866480696fa1e1c0def07d646d403,6053,0,352.03
train_07739.png,f199a6d5c862d2e1c8d79f121bb09bb94e6866480696fa1e1c0def07d646d403,6053,1,10.39
train_03350.png,f1b1386f375cc2400add98e1628afabd83dfdced066edebe41d698b1614e8f5b,6056,1,41.96
train_07277.png,f1b1386f375cc2400add98e1628afabd83dfdced066edebe41d698b1614e8f5b,6056,0,322.32
train_02584.png,f23a8cebe62677d2dcac9fe916c580e1d66b1769ffe7aa64cbf8770ae258a59b,6072,0,316.31
train_04036.png,f23a8cebe62677d2dcac9fe916c580e1d66b1769ffe7aa64cbf8770ae258a59b,6072,1,72.89
train_00583.png,f295fa09866c5415456827298161cc42ec68086f86b3388e646056e3a3b2e743,6079,0,319.78
train_07457.png,f295fa09866c5415456827298161cc42ec68086f86b3388e646056e3a3b2e743,6079,1,228.41
train_03782.png,f2c0f14c9237e6791fc286f0a46227610db6d84f612e73305babd7a116d019a7,6081,1,275.82
train_04511.png,f2c0f14c9237e6791fc286f0a46227610db6d84f612e73305babd7a116d019a7,6081,0,292.58
train_05561.png,f2f20ce204677805126e5e17c1e56798e5646594541f57d5dda33dc39a6436d5,6086,0,287.21
train_07454.png,f2f20ce204677805126e5e17c1e56798e5646594541f57d5dda33dc39a6436d5,6086,1,168.68
train_04729.png,f2f6d0fb4550fd91a191a55f2e2815800a31b589be461f79f3176c71354be18c,6087,1,124.36
train_07438.png,f2f6d0fb4550fd91a191a55f2e2815800a31b589be461f79f3176c71354be18c,6087,0,121.98
train_00574.png,f323f9b7888482cce5d2e6e887224e5c8a4d4dae7ece5b03c9339f4c52244e3f,6091,1,59.92
train_06719.png,f323f9b7888482cce5d2e6e887224e5c8a4d4dae7ece5b03c9339f4c52244e3f,6091,0,351.19
train_02612.png,f33d7aa4dd54a84dd757d8bc3871ccb9155d98143c9ebedcd8316df8881fb1fb,6095,0,311.12
train_07220.png,f33d7aa4dd54a84dd757d8bc3871ccb9155d98143c9ebedcd8316df8881fb1fb,6095,1,191.84
train_02664.png,f37a9bbccbbdf5ee0fd77e64ca57733e43d43ece4385db7952a9b28e9f55656a,6102,1,232.78
train_04726.png,f37a9bbccbbdf5ee0fd77e64ca57733e43d43ece4385db7952a9b28e9f55656a,6102,0,314.23
train_02187.png,f38f1bd48d6e59d038c387188b5026680f695e0e3c2449c1d55a41e279c83f3f,6106,0,261.13
train_02599.png,f38f1bd48d6e59d038c387188b5026680f695e0e3c2449c1d55a41e279c83f3f,6106,1,122.51
train_03451.png,f3a3a6735c6d57c30656e8ccec86605b80ce8ac282781f2a3f2f34af3d83e617,6108,1,340.79
train_03858.png,f3a3a6735c6d57c30656e8ccec86605b80ce8ac282781f2a3f2f34af3d83e617,6108,0,332.87
train_00963.png,f3bac3e1882cabd742bae7b77f58bf482de3d8159c1a072ba927372f3bfd787a,6109,0,317.03
train_05725.png,f3bac3e1882cabd742bae7b77f58bf482de3d8159c1a072ba927372f3bfd787a,6109,1,30.74
train_01443.png,f3f89615030c3370ac74774a37ae14f3dc7b8999b0e2ba8982a4281f9ee59e92,6111,1,143.95
train_04490.png,f3f89615030c3370ac74774a37ae14f3dc7b8999b0e2ba8982a4281f9ee59e92,6111,0,355.98
train_01361.png,f402c56a4fe68709b87815162dd89d361eae6323dadf534c20d717daa8c88680,6112,0,305.56
train_02145.png,f402c56a4fe68709b87815162dd89d361eae6323dadf534c20d717daa8c88680,6112,1,350.39
train_02910.png,f443fe682b94f0f0f01f25a437cc5b88853057ef1062a2ebc0c8f174693df85f,6116,0,289.37
train_05789.png,f443fe682b94f0f0f01f25a437cc5b88853057ef1062a2ebc0c8f174693df85f,6116,1,172.67
train_02727.png,f45206b804c7707b0ac71bc8cd196ec79c844d0e26c1ad78b0c054b64aa93d6f,6118,0,325.1
train_04708.png,f45206b804c7707b0ac71bc8cd196ec79c844d0e26c1ad78b0c054b64aa93d6f,6118,1,2.86
train_00986.png,f47a3b7d7926fe16d6a59a3e849243d3664b14564c433cd2a5f574c5ba191663,6121,0,283.22
train_01146.png,f47a3b7d7926fe16d6a59a3e849243d3664b14564c433cd2a5f574c5ba191663,6121,1,307.59
train_02005.png,f4afb0771c59c89227ba3a1a4370bf9c56d3b845d26297fe5447e6cc0a8cb3b7,6124,1,14.09
train_06085.png,f4afb0771c59c89227ba3a1a4370bf9c56d3b845d26297fe5447e6cc0a8cb3b7,6124,0,134.03
train_05917.png,f4b2f1f368be7c7e69739c5f2db65ba4530f4f94e6b451eb13f753982e1649aa,6125,1,219.49
train_07015.png,f4b2f1f368be7c7e69739c5f2db65ba4530f4f94e6b451eb13f753982e1649aa,6125,0,359.79
train_00750.png,f4e13309752ffd1e1a4b73b1d0fc7c780feb69e077ba2a880deae37fc75b0dfa,6130,1,275.13
train_05655.png,f4e13309752ffd1e1a4b73b1d0fc7c780feb69e077ba2a880deae37fc75b0dfa,6130,0,321.8
train_02639.png,f4f4f4b444833a0ff29874f0f80be258892802e2a75a19ed8712b6db6f31e3b7,6133,0,278.62
train_07030.png,f4f4f4b444833a0ff29874f0f80be258892802e2a75a19ed8712b6db6f31e3b7,6133,1,119.13
train_00700.png,f4f825149abe34462a1cca2045ef16b6950a318975e308eee0488101fbcb5e31,6134,1,47.44
train_01576.png,f4f825149abe34462a1cca2045ef16b6950a318975e308eee0488101fbcb5e31,6134,0,330.91
train_00885.png,f54e257b769a22100ac25e43acfaffc3f08529b45e574aba7a38bfbc0e165cbb,6143,1,344.34
train_03061.png,f54e257b769a22100ac25e43acfaffc3f08529b45e574aba7a38bfbc0e165cbb,6143,0,339.14
train_00245.png,f562180be7d6e59d1ac94203db366cb43674f3f53d67777a59621adf2e942881,6144,1,304.43
train_05453.png,f562180be7d6e59d1ac94203db366cb43674f3f53d67777a59621adf2e942881,6144,0,358.79
train_00554.png,f5660c817b0e0ab70930da8fdee9b28dce8a1ae900e72f6bfb7cd810af67d762,6146,0,347.05
train_04592.png,f5660c817b0e0ab70930da8fdee9b28dce8a1ae900e72f6bfb7cd810af67d762,6146,1,198.0
train_03275.png,f56ac41c8158955a30b7516b6a610f572cf9da98f9b206abc72c06843a3a167c,6147,0,274.33
train_03409.png,f56ac41c8158955a30b7516b6a610f572cf9da98f9b206abc72c06843a3a167c,6147,1,123.31
train_01479.png,f5c30677a9c6ab8a6883c355316efba0776495879d41f37a626eada9db087529,6153,1,349.49
train_07152.png,f5c30677a9c6ab8a6883c355316efba0776495879d41f37a626eada9db087529,6153,0,314.51
train_02783.png,f64c196e7c23deec97a1dffed62571f740075e2bdc9572e8d7a8f66534dad3c2,6165,0,126.33
train_03813.png,f64c196e7c23deec97a1dffed62571f740075e2bdc9572e8d7a8f66534dad3c2,6165,1,334.54
train_00072.png,f67416926528270b74b5b5d51a0ad4c83d34ef7d4797b6bac11c7db25d7ee46d,6168,1,80.61
train_05211.png,f67416926528270b74b5b5d51a0ad4c83d34ef7d4797b6bac11c7db25d7ee46d,6168,0,217.62
train_03120.png,f68f6b18effe97a106c45a74e75bbad45215ba537def63a1fc2689b1e62a3fca,6174,1,9.38
train_03233.png,f68f6b18effe97a106c45a74e75bbad45215ba537def63a1fc2689b1e62a3fca,6174,0,292.73
train_00105.png,f6b56199c60baaf4bb8232f903d254d1de622162c9b8b2f3b8328c2a99eaf941,6177,1,15.56
train_01276.png,f6b56199c60baaf4bb8232f903d254d1de622162c9b8b2f3b8328c2a99eaf941,6177,0,289.16
train_03327.png,f6ceaf92db36935236cc3f81cf92f3eefa4c2778ec02d1de1954fc247df12783,6179,0,289.5
train_06601.png,f6ceaf92db36935236cc3f81cf92f3eefa4c2778ec02d1de1954fc247df12783,6179,1,252.54
train_04710.png,f6fb188cc004e2ab58e72432397d69627ee381aa4e662faade9ff3f57bd57223,6184,1,343.95
train_05710.png,f6fb188cc004e2ab58e72432397d69627ee381aa4e662faade9ff3f57bd57223,6184,0,340.0
train_04248.png,f6fd93e26bba12e23093f57ac58b61f240969628d1ae2912f04546ed393a0567,6185,1,152.24
train_04501.png,f6fd93e26bba12e23093f57ac58b61f240969628d1ae2912f04546ed393a0567,6185,0,290.92
train_01466.png,f733e17cf4d4f7e747c08a0c4920649be86114a3abe853302a5c87bd5729236d,6190,0,346.16
train_06494.png,f733e17cf4d4f7e747c08a0c4920649be86114a3abe853302a5c87bd5729236d,6190,1,231.84
train_03273.png,f77aab02d7fbd31b70d7e1551cba650e8c4ddd445a90fe5a9b77196269884d64,6195,1,206.4
train_07832.png,f77aab02d7fbd31b70d7e1551cba650e8c4ddd445a90fe5a9b77196269884d64,6195,0,273.02
train_01845.png,f7a4b1efd2957ddc0475da4f1699defdd04fcab188441a77cb4bb607b6d35260,6197,1,125.65
train_06636.png,f7a4b1efd2957ddc0475da4f1699defdd04fcab188441a77cb4bb607b6d35260,6197,0,280.83
train_03743.png,f7ac33e980138e61264ea0af5fe81ff943ae0365be16fedea239f08b68e8da97,6198,0,323.06
train_04471.png,f7ac33e980138e61264ea0af5fe81ff943ae0365be16fedea239f08b68e8da97,6198,1,6.26
train_00091.png,f7ca423c0ab86eae13531f59910dcf8295e602e9ccc6899f6b3a6dd533b8a01f,6199,1,116.85
train_06129.png,f7ca423c0ab86eae13531f59910dcf8295e602e9ccc6899f6b3a6dd533b8a01f,6199,0,272.89
train_06156.png,f7e2bc97881cbaaa1a1a881cac2fe3427714466a2eb4de1ab10cc82d282bf20e,6201,0,310.04
train_06956.png,f7e2bc97881cbaaa1a1a881cac2fe3427714466a2eb4de1ab10cc82d282bf20e,6201,1,302.35
train_02455.png,f82930d6c93a8e683caccff5762bef3634ae302832bb92e0783de88d9e92cf44,6204,0,72.05
train_06635.png,f82930d6c93a8e683caccff5762bef3634ae302832bb92e0783de88d9e92cf44,6204,1,310.05
train_05234.png,f85b083007a6bfc2e0d717a48d5775a9da29aee234599a7c75780c511876f6cc,6207,1,23.98
train_07427.png,f85b083007a6bfc2e0d717a48d5775a9da29aee234599a7c75780c511876f6cc,6207,0,320.54
train_01318.png,f85e5fd212066e0f0cf5d84b22331b065691c37dbdf8288e79fc06323554413f,6209,0,331.59
train_05965.png,f85e5fd212066e0f0cf5d84b22331b065691c37dbdf8288e79fc06323554413f,6209,1,38.29
train_04689.png,f8904b5958c4282efc4d90967ace27cd0ffbc7ea728e7a81193c73ad67d1d462,6215,1,61.01
train_06992.png,f8904b5958c4282efc4d90967ace27cd0ffbc7ea728e7a81193c73ad67d1d462,6215,0,279.18
train_00535.png,f8f517e00ac941761d9f30c46e647f3f8116a24729b329016c4228501e6c1134,6225,0,344.42
train_01858.png,f8f517e00ac941761d9f30c46e647f3f8116a24729b329016c4228501e6c1134,6225,1,106.62
train_04541.png,f93a5236eccd4f0eb09f5d510d3eccfae1780ffb9af0f5edb18f621c1c89d3c4,6232,1,333.56
train_07022.png,f93a5236eccd4f0eb09f5d510d3eccfae1780ffb9af0f5edb18f621c1c89d3c4,6232,0,314.49
train_01341.png,f9560f9783f982cc27e63aef654b69edcfae9d61bfe12535e9e68cc1cda2f62a,6237,1,77.5
train_02353.png,f9560f9783f982cc27e63aef654b69edcfae9d61bfe12535e9e68cc1cda2f62a,6237,0,315.0
train_01273.png,f96c21aef1bd2e32e88850d97f7f6911d820b18f5c054b7028efe16e5913dc7b,6238,0,280.97
train_02970.png,f96c21aef1bd2e32e88850d97f7f6911d820b18f5c054b7028efe16e5913dc7b,6238,1,344.09
train_04144.png,f9ae82c5d58f23d4f8eaca492eb4d7d2a362a8e302572b0d87126b062ec122b8,6244,1,264.75
train_05343.png,f9ae82c5d58f23d4f8eaca492eb4d7d2a362a8e302572b0d87126b062ec122b8,6244,0,330.57
train_01972.png,f9af5abc461b3c3196d81a4bcf3e15481fb4604cb69e33068ad81cdcfc46c685,6245,1,50.5
train_06929.png,f9af5abc461b3c3196d81a4bcf3e15481fb4604cb69e33068ad81cdcfc46c685,6245,0,296.14
train_04564.png,f9fe04d709927a2a2b41cd45170449fd803ee733fc8d967e879cf258bc81142d,6251,0,358.68
train_04881.png,f9fe04d709927a2a2b41cd45170449fd803ee733fc8d967e879cf258bc81142d,6251,1,78.58
train_02007.png,fa22b124e37f184f35fb87a7562c3b827fe72af4a6dcf82127f95fdc13c69bc1,6254,1,214.38
train_06048.png,fa22b124e37f184f35fb87a7562c3b827fe72af4a6dcf82127f95fdc13c69bc1,6254,0,281.33
train_03800.png,fa5ffc31f229fb4499cf699c981f358290b21663b282d91abd7b73d2ec5c84d3,6260,0,281.66
train_06165.png,fa5ffc31f229fb4499cf699c981f358290b21663b282d91abd7b73d2ec5c84d3,6260,1,190.48
train_05132.png,fa63716ea709171ecfc43335f823a4d9f752c7a4a81898305cbd22b37280cbda,6261,0,317.12
train_06936.png,fa63716ea709171ecfc43335f823a4d9f752c7a4a81898305cbd22b37280cbda,6261,1,298.58
train_01360.png,facc31f9105f11414fdea32842feae76cb78fcd546ab636fb27d78faa693dc69,6275,0,301.27
train_02872.png,facc31f9105f11414fdea32842feae76cb78fcd546ab636fb27d78faa693dc69,6275,1,196.27
train_05210.png,faf21246ab1aa15a85920601640843a74880344de73f67ab3131016a2ee16140,6280,0,328.08
train_05850.png,faf21246ab1aa15a85920601640843a74880344de73f67ab3131016a2ee16140,6280,1,268.23
train_01108.png,fb0c126f13055fabf6472eacc893e25f26d1f3a539a72b49ace337bafa1480ae,6283,0,333.2
train_03685.png,fb0c126f13055fabf6472eacc893e25f26d1f3a539a72b49ace337bafa1480ae,6283,1,326.14
train_01246.png,fb17ab5e83c2d4fc75ec692e3acf4ab315fb16131279487f299716faa9d136fa,6284,0,351.58
train_06739.png,fb17ab5e83c2d4fc75ec692e3acf4ab315fb16131279487f299716faa9d136fa,6284,1,177.48
train_00699.png,fb4f2802e5405509285be070f6e08940ce2321b01d1505ccb776f9d3f57a1a34,6287,1,64.33
train_02927.png,fb4f2802e5405509285be070f6e08940ce2321b01d1505ccb776f9d3f57a1a34,6287,0,270.87
train_02490.png,fb8e5eb840dcdd765cec9fde7ee1c067f3a5a7c67414ecd19c02bda9b515062e,6294,1,184.91
train_03380.png,fb8e5eb840dcdd765cec9fde7ee1c067f3a5a7c67414ecd19c02bda9b515062e,6294,0,315.89
train_02387.png,fba5fcb339891eff73786ce9c67ce13dec0b5f526dcb53868acaa039e6860dc1,6298,1,68.87
train_04736.png,fba5fcb339891eff73786ce9c67ce13dec0b5f526dcb53868acaa039e6860dc1,6298,0,351.88
train_00033.png,fc158c29ed67df1f2ea06d60afbfb687eb55056ae04e3dbd18d874ecfa2d0db9,6303,0,295.85
train_01629.png,fc158c29ed67df1f2ea06d60afbfb687eb55056ae04e3dbd18d874ecfa2d0db9,6303,1,286.77
train_01448.png,fc1e60b02b97e8948300710975eb77e7fa0ccdbe99967ff87d6f8fa4e8651d6d,6304,0,327.45
train_05360.png,fc1e60b02b97e8948300710975eb77e7fa0ccdbe99967ff87d6f8fa4e8651d6d,6304,1,206.62
train_03265.png,fc247576d39b9957022ddf939b22777daf46d08bad095291e8a5f3fe00837244,6305,0,309.51
train_05397.png,fc247576d39b9957022ddf939b22777daf46d08bad095291e8a5f3fe00837244,6305,1,14.45
train_02284.png,fc35481f0da7db576b7998e3719b41aba7309087f66dfa15dfcec8a5ce61a83a,6306,0,335.43
train_07177.png,fc35481f0da7db576b7998e3719b41aba7309087f66dfa15dfcec8a5ce61a83a,6306,1,149.43
train_02230.png,fc44f06a98167d37a72397e140ca49d2aa333d8b5485fd4b83a8d0f0bb1b5eac,6307,0,260.21
train_04070.png,fc44f06a98167d37a72397e140ca49d2aa333d8b5485fd4b83a8d0f0bb1b5eac,6307,1,69.81
train_01357.png,fcb46706d54153f7164c11d8923fb0d3987c5eb5a13ce95a2ecb04b78d79cc88,6316,0,313.76
train_05378.png,fcb46706d54153f7164c11d8923fb0d3987c5eb5a13ce95a2ecb04b78d79cc88,6316,1,356.08
train_00842.png,fcb83fdfc87ee14c2b7214a8c6f5acace214eef2ad2e110dec9943680cdec019,6317,0,304.76
train_05249.png,fcb83fdfc87ee14c2b7214a8c6f5acace214eef2ad2e110dec9943680cdec019,6317,1,234.76
train_07019.png,fcc1a5d3d569448b19b4f48dfd8bb708b29ea5028070f6959bceb8cba0f0246b,6318,0,271.22
train_07035.png,fcc1a5d3d569448b19b4f48dfd8bb708b29ea5028070f6959bceb8cba0f0246b,6318,1,326.29
train_00923.png,fcc8461bac54ffc9660cdb8d60876c0e42b064940d809996902c57b626c61c8c,6320,0,303.1
train_01651.png,fcc8461bac54ffc9660cdb8d60876c0e42b064940d809996902c57b626c61c8c,6320,1,2.01
train_05938.png,fd5149fa68570413633888cf17a8ca7d2ed2f3a34c9524b32c206f615e796d1e,6324,0,120.67
train_06942.png,fd5149fa68570413633888cf17a8ca7d2ed2f3a34c9524b32c206f615e796d1e,6324,1,359.2
train_00457.png,fdd720abfa6ab4f53da9cde05535f2139bf271e0c3914148e4388f1bda1d13b3,6337,1,352.24
train_04457.png,fdd720abfa6ab4f53da9cde05535f2139bf271e0c3914148e4388f1bda1d13b3,6337,0,242.23
train_00001.png,fddcfff9568c0f3443658153f3b53ac57336aaa2c9717fc35862110c0c370642,6338,1,77.69
train_06657.png,fddcfff9568c0f3443658153f3b53ac57336aaa2c9717fc35862110c0c370642,6338,0,120.29
train_01850.png,febd3ba69a65289f0af22cf0870d4454c82247c5dfe7e1eef9f65ce667e6c6de,6362,1,128.51
train_06159.png,febd3ba69a65289f0af22cf0870d4454c82247c5dfe7e1eef9f65ce667e6c6de,6362,0,277.53
train_04554.png,febfd5a02deb402ec3904298bbe75c2b1718d5c0b134f9d8bac159ceafdada8e,6363,1,211.47
train_05911.png,febfd5a02deb402ec3904298bbe75c2b1718d5c0b134f9d8bac159ceafdada8e,6363,0,341.99
train_01800.png,ff086f072a914237e66792f08fb4048ff144e9e0f882b34e3ea25d83284cce46,6370,0,284.35
train_02854.png,ff086f072a914237e66792f08fb4048ff144e9e0f882b34e3ea25d83284cce46,6370,1,132.08
train_02364.png,ff1091f8f7bccbd6407331f74b30bcdbed4bc288b7dad701c3b3fac97c6ea8c4,6372,1,199.83
train_04183.png,ff1091f8f7bccbd6407331f74b30bcdbed4bc288b7dad701c3b3fac97c6ea8c4,6372,0,336.25
train_04833.png,ff8df67ecc87fb2924b4b6b4277afe47369739dde20ccf6947531c08f9e022e4,6386,1,236.14
train_05555.png,ff8df67ecc87fb2924b4b6b4277afe47369739dde20ccf6947531c08f9e022e4,6386,0,290.98
train_05129.png,ffc15364359b87af693fdcd83fdef1b045a6d06d9cbfd7f56f7cafa058158d40,6388,1,33.57
train_07527.png,ffc15364359b87af693fdcd83fdef1b045a6d06d9cbfd7f56f7cafa058158d40,6388,0,307.22
train_02603.png,ffc8a207cc0b901e7ffdc0e17164da2a6f3cd550d5f1651ce077fc3336278420,6391,0,340.47
train_07410.png,ffc8a207cc0b901e7ffdc0e17164da2a6f3cd550d5f1651ce077fc3336278420,6391,1,220.56
